1.800000000000000000e+01,8.000000000000000000e+00,3.070000000000000000e+02,1.300000000000000000e+02,3.504000000000000000e+03,1.200000000000000000e+01,7.000000000000000000e+01,1.000000000000000000e+00,-9.990000000000000000e+02
1.500000000000000000e+01,8.000000000000000000e+00,3.500000000000000000e+02,1.650000000000000000e+02,3.693000000000000000e+03,1.150000000000000000e+01,7.000000000000000000e+01,1.000000000000000000e+00,-9.990000000000000000e+02
1.800000000000000000e+01,8.000000000000000000e+00,3.180000000000000000e+02,1.500000000000000000e+02,3.436000000000000000e+03,1.100000000000000000e+01,7.000000000000000000e+01,1.000000000000000000e+00,-9.990000000000000000e+02
1.600000000000000000e+01,8.000000000000000000e+00,3.040000000000000000e+02,1.500000000000000000e+02,3.433000000000000000e+03,1.200000000000000000e+01,7.000000000000000000e+01,1.000000000000000000e+00,-9.990000000000000000e+02
1.700000000000000000e+01,8.000000000000000000e+00,3.020000000000000000e+02,1.400000000000000000e+02,3.449000000000000000e+03,1.050000000000000000e+01,7.000000000000000000e+01,1.000000000000000000e+00,-9.990000000000000000e+02
1.500000000000000000e+01,8.000000000000000000e+00,4.290000000000000000e+02,1.980000000000000000e+02,4.341000000000000000e+03,1.000000000000000000e+01,7.000000000000000000e+01,1.000000000000000000e+00,-9.990000000000000000e+02
1.400000000000000000e+01,8.000000000000000000e+00,4.540000000000000000e+02,2.200000000000000000e+02,4.354000000000000000e+03,9.000000000000000000e+00,7.000000000000000000e+01,1.000000000000000000e+00,-9.990000000000000000e+02
1.400000000000000000e+01,8.000000000000000000e+00,4.400000000000000000e+02,2.150000000000000000e+02,4.312000000000000000e+03,8.500000000000000000e+00,7.000000000000000000e+01,1.000000000000000000e+00,-9.990000000000000000e+02
1.400000000000000000e+01,8.000000000000000000e+00,4.550000000000000000e+02,2.250000000000000000e+02,4.425000000000000000e+03,1.000000000000000000e+01,7.000000000000000000e+01,1.000000000000000000e+00,-9.990000000000000000e+02
1.500000000000000000e+01,8.000000000000000000e+00,3.900000000000000000e+02,1.900000000000000000e+02,3.850000000000000000e+03,8.500000000000000000e+00,7.000000000000000000e+01,1.000000000000000000e+00,-9.990000000000000000e+02
1.500000000000000000e+01,8.000000000000000000e+00,3.830000000000000000e+02,1.700000000000000000e+02,3.563000000000000000e+03,1.000000000000000000e+01,7.000000000000000000e+01,1.000000000000000000e+00,-9.990000000000000000e+02
1.400000000000000000e+01,8.000000000000000000e+00,3.400000000000000000e+02,1.600000000000000000e+02,3.609000000000000000e+03,8.000000000000000000e+00,7.000000000000000000e+01,1.000000000000000000e+00,-9.990000000000000000e+02
1.500000000000000000e+01,8.000000000000000000e+00,4.000000000000000000e+02,1.500000000000000000e+02,3.761000000000000000e+03,9.500000000000000000e+00,7.000000000000000000e+01,1.000000000000000000e+00,-9.990000000000000000e+02
1.400000000000000000e+01,8.000000000000000000e+00,4.550000000000000000e+02,2.250000000000000000e+02,3.086000000000000000e+03,1.000000000000000000e+01,7.000000000000000000e+01,1.000000000000000000e+00,-9.990000000000000000e+02
2.400000000000000000e+01,4.000000000000000000e+00,1.130000000000000000e+02,9.500000000000000000e+01,2.372000000000000000e+03,1.500000000000000000e+01,7.000000000000000000e+01,3.000000000000000000e+00,-9.990000000000000000e+02
2.200000000000000000e+01,6.000000000000000000e+00,1.980000000000000000e+02,9.500000000000000000e+01,2.833000000000000000e+03,1.550000000000000000e+01,7.000000000000000000e+01,1.000000000000000000e+00,-9.990000000000000000e+02
1.800000000000000000e+01,6.000000000000000000e+00,1.990000000000000000e+02,9.700000000000000000e+01,2.774000000000000000e+03,1.550000000000000000e+01,7.000000000000000000e+01,1.000000000000000000e+00,-9.990000000000000000e+02
2.100000000000000000e+01,6.000000000000000000e+00,2.000000000000000000e+02,8.500000000000000000e+01,2.587000000000000000e+03,1.600000000000000000e+01,7.000000000000000000e+01,1.000000000000000000e+00,-9.990000000000000000e+02
2.700000000000000000e+01,4.000000000000000000e+00,9.700000000000000000e+01,8.800000000000000000e+01,2.130000000000000000e+03,1.450000000000000000e+01,7.000000000000000000e+01,3.000000000000000000e+00,-9.990000000000000000e+02
2.600000000000000000e+01,4.000000000000000000e+00,9.700000000000000000e+01,4.600000000000000000e+01,1.835000000000000000e+03,2.050000000000000000e+01,7.000000000000000000e+01,2.000000000000000000e+00,-9.990000000000000000e+02
2.500000000000000000e+01,4.000000000000000000e+00,1.100000000000000000e+02,8.700000000000000000e+01,2.672000000000000000e+03,1.750000000000000000e+01,7.000000000000000000e+01,2.000000000000000000e+00,-9.990000000000000000e+02
2.400000000000000000e+01,4.000000000000000000e+00,1.070000000000000000e+02,9.000000000000000000e+01,2.430000000000000000e+03,1.450000000000000000e+01,7.000000000000000000e+01,2.000000000000000000e+00,-9.990000000000000000e+02
2.500000000000000000e+01,4.000000000000000000e+00,1.040000000000000000e+02,9.500000000000000000e+01,2.375000000000000000e+03,1.750000000000000000e+01,7.000000000000000000e+01,2.000000000000000000e+00,-9.990000000000000000e+02
2.600000000000000000e+01,4.000000000000000000e+00,1.210000000000000000e+02,1.130000000000000000e+02,2.234000000000000000e+03,1.250000000000000000e+01,7.000000000000000000e+01,2.000000000000000000e+00,-9.990000000000000000e+02
2.100000000000000000e+01,6.000000000000000000e+00,1.990000000000000000e+02,9.000000000000000000e+01,2.648000000000000000e+03,1.500000000000000000e+01,7.000000000000000000e+01,1.000000000000000000e+00,-9.990000000000000000e+02
1.000000000000000000e+01,8.000000000000000000e+00,3.600000000000000000e+02,2.150000000000000000e+02,4.615000000000000000e+03,1.400000000000000000e+01,7.000000000000000000e+01,1.000000000000000000e+00,-9.990000000000000000e+02
1.000000000000000000e+01,8.000000000000000000e+00,3.070000000000000000e+02,2.000000000000000000e+02,4.376000000000000000e+03,1.500000000000000000e+01,7.000000000000000000e+01,1.000000000000000000e+00,-9.990000000000000000e+02
1.100000000000000000e+01,8.000000000000000000e+00,3.180000000000000000e+02,2.100000000000000000e+02,4.382000000000000000e+03,1.350000000000000000e+01,7.000000000000000000e+01,1.000000000000000000e+00,-9.990000000000000000e+02
9.000000000000000000e+00,8.000000000000000000e+00,3.040000000000000000e+02,1.930000000000000000e+02,4.732000000000000000e+03,1.850000000000000000e+01,7.000000000000000000e+01,1.000000000000000000e+00,-9.990000000000000000e+02
2.700000000000000000e+01,4.000000000000000000e+00,9.700000000000000000e+01,8.800000000000000000e+01,2.130000000000000000e+03,1.450000000000000000e+01,7.100000000000000000e+01,3.000000000000000000e+00,-9.990000000000000000e+02
2.800000000000000000e+01,4.000000000000000000e+00,1.400000000000000000e+02,9.000000000000000000e+01,2.264000000000000000e+03,1.550000000000000000e+01,7.100000000000000000e+01,1.000000000000000000e+00,-9.990000000000000000e+02
2.500000000000000000e+01,4.000000000000000000e+00,1.130000000000000000e+02,9.500000000000000000e+01,2.228000000000000000e+03,1.400000000000000000e+01,7.100000000000000000e+01,3.000000000000000000e+00,-9.990000000000000000e+02
1.900000000000000000e+01,6.000000000000000000e+00,2.320000000000000000e+02,1.000000000000000000e+02,2.634000000000000000e+03,1.300000000000000000e+01,7.100000000000000000e+01,1.000000000000000000e+00,-9.990000000000000000e+02
1.600000000000000000e+01,6.000000000000000000e+00,2.250000000000000000e+02,1.050000000000000000e+02,3.439000000000000000e+03,1.550000000000000000e+01,7.100000000000000000e+01,1.000000000000000000e+00,-9.990000000000000000e+02
1.700000000000000000e+01,6.000000000000000000e+00,2.500000000000000000e+02,1.000000000000000000e+02,3.329000000000000000e+03,1.550000000000000000e+01,7.100000000000000000e+01,1.000000000000000000e+00,-9.990000000000000000e+02
1.900000000000000000e+01,6.000000000000000000e+00,2.500000000000000000e+02,8.800000000000000000e+01,3.302000000000000000e+03,1.550000000000000000e+01,7.100000000000000000e+01,1.000000000000000000e+00,-9.990000000000000000e+02
1.800000000000000000e+01,6.000000000000000000e+00,2.320000000000000000e+02,1.000000000000000000e+02,3.288000000000000000e+03,1.550000000000000000e+01,7.100000000000000000e+01,1.000000000000000000e+00,-9.990000000000000000e+02
1.400000000000000000e+01,8.000000000000000000e+00,3.500000000000000000e+02,1.650000000000000000e+02,4.209000000000000000e+03,1.200000000000000000e+01,7.100000000000000000e+01,1.000000000000000000e+00,-9.990000000000000000e+02
1.400000000000000000e+01,8.000000000000000000e+00,4.000000000000000000e+02,1.750000000000000000e+02,4.464000000000000000e+03,1.150000000000000000e+01,7.100000000000000000e+01,1.000000000000000000e+00,-9.990000000000000000e+02
1.400000000000000000e+01,8.000000000000000000e+00,3.510000000000000000e+02,1.530000000000000000e+02,4.154000000000000000e+03,1.350000000000000000e+01,7.100000000000000000e+01,1.000000000000000000e+00,-9.990000000000000000e+02
1.400000000000000000e+01,8.000000000000000000e+00,3.180000000000000000e+02,1.500000000000000000e+02,4.096000000000000000e+03,1.300000000000000000e+01,7.100000000000000000e+01,1.000000000000000000e+00,-9.990000000000000000e+02
1.200000000000000000e+01,8.000000000000000000e+00,3.830000000000000000e+02,1.800000000000000000e+02,4.955000000000000000e+03,1.150000000000000000e+01,7.100000000000000000e+01,1.000000000000000000e+00,-9.990000000000000000e+02
1.300000000000000000e+01,8.000000000000000000e+00,4.000000000000000000e+02,1.700000000000000000e+02,4.746000000000000000e+03,1.200000000000000000e+01,7.100000000000000000e+01,1.000000000000000000e+00,-9.990000000000000000e+02
1.300000000000000000e+01,8.000000000000000000e+00,4.000000000000000000e+02,1.750000000000000000e+02,5.140000000000000000e+03,1.200000000000000000e+01,7.100000000000000000e+01,1.000000000000000000e+00,-9.990000000000000000e+02
1.800000000000000000e+01,6.000000000000000000e+00,2.580000000000000000e+02,1.100000000000000000e+02,2.962000000000000000e+03,1.350000000000000000e+01,7.100000000000000000e+01,1.000000000000000000e+00,-9.990000000000000000e+02
2.200000000000000000e+01,4.000000000000000000e+00,1.400000000000000000e+02,7.200000000000000000e+01,2.408000000000000000e+03,1.900000000000000000e+01,7.100000000000000000e+01,1.000000000000000000e+00,-9.990000000000000000e+02
1.900000000000000000e+01,6.000000000000000000e+00,2.500000000000000000e+02,1.000000000000000000e+02,3.282000000000000000e+03,1.500000000000000000e+01,7.100000000000000000e+01,1.000000000000000000e+00,-9.990000000000000000e+02
1.800000000000000000e+01,6.000000000000000000e+00,2.500000000000000000e+02,8.800000000000000000e+01,3.139000000000000000e+03,1.450000000000000000e+01,7.100000000000000000e+01,1.000000000000000000e+00,-9.990000000000000000e+02
2.300000000000000000e+01,4.000000000000000000e+00,1.220000000000000000e+02,8.600000000000000000e+01,2.220000000000000000e+03,1.400000000000000000e+01,7.100000000000000000e+01,1.000000000000000000e+00,-9.990000000000000000e+02
2.800000000000000000e+01,4.000000000000000000e+00,1.160000000000000000e+02,9.000000000000000000e+01,2.123000000000000000e+03,1.400000000000000000e+01,7.100000000000000000e+01,2.000000000000000000e+00,-9.990000000000000000e+02
3.000000000000000000e+01,4.000000000000000000e+00,7.900000000000000000e+01,7.000000000000000000e+01,2.074000000000000000e+03,1.950000000000000000e+01,7.100000000000000000e+01,2.000000000000000000e+00,-9.990000000000000000e+02
3.000000000000000000e+01,4.000000000000000000e+00,8.800000000000000000e+01,7.600000000000000000e+01,2.065000000000000000e+03,1.450000000000000000e+01,7.100000000000000000e+01,2.000000000000000000e+00,-9.990000000000000000e+02
3.100000000000000000e+01,4.000000000000000000e+00,7.100000000000000000e+01,6.500000000000000000e+01,1.773000000000000000e+03,1.900000000000000000e+01,7.100000000000000000e+01,3.000000000000000000e+00,-9.990000000000000000e+02
3.500000000000000000e+01,4.000000000000000000e+00,7.200000000000000000e+01,6.900000000000000000e+01,1.613000000000000000e+03,1.800000000000000000e+01,7.100000000000000000e+01,3.000000000000000000e+00,-9.990000000000000000e+02
2.700000000000000000e+01,4.000000000000000000e+00,9.700000000000000000e+01,6.000000000000000000e+01,1.834000000000000000e+03,1.900000000000000000e+01,7.100000000000000000e+01,2.000000000000000000e+00,-9.990000000000000000e+02
2.600000000000000000e+01,4.000000000000000000e+00,9.100000000000000000e+01,7.000000000000000000e+01,1.955000000000000000e+03,2.050000000000000000e+01,7.100000000000000000e+01,1.000000000000000000e+00,-9.990000000000000000e+02
2.400000000000000000e+01,4.000000000000000000e+00,1.130000000000000000e+02,9.500000000000000000e+01,2.278000000000000000e+03,1.550000000000000000e+01,7.200000000000000000e+01,3.000000000000000000e+00,-9.990000000000000000e+02
2.500000000000000000e+01,4.000000000000000000e+00,9.750000000000000000e+01,8.000000000000000000e+01,2.126000000000000000e+03,1.700000000000000000e+01,7.200000000000000000e+01,1.000000000000000000e+00,-9.990000000000000000e+02
2.300000000000000000e+01,4.000000000000000000e+00,9.700000000000000000e+01,5.400000000000000000e+01,2.254000000000000000e+03,2.350000000000000000e+01,7.200000000000000000e+01,2.000000000000000000e+00,-9.990000000000000000e+02
2.000000000000000000e+01,4.000000000000000000e+00,1.400000000000000000e+02,9.000000000000000000e+01,2.408000000000000000e+03,1.950000000000000000e+01,7.200000000000000000e+01,1.000000000000000000e+00,-9.990000000000000000e+02
2.100000000000000000e+01,4.000000000000000000e+00,1.220000000000000000e+02,8.600000000000000000e+01,2.226000000000000000e+03,1.650000000000000000e+01,7.200000000000000000e+01,1.000000000000000000e+00,-9.990000000000000000e+02
1.300000000000000000e+01,8.000000000000000000e+00,3.500000000000000000e+02,1.650000000000000000e+02,4.274000000000000000e+03,1.200000000000000000e+01,7.200000000000000000e+01,1.000000000000000000e+00,-9.990000000000000000e+02
1.400000000000000000e+01,8.000000000000000000e+00,4.000000000000000000e+02,1.750000000000000000e+02,4.385000000000000000e+03,1.200000000000000000e+01,7.200000000000000000e+01,1.000000000000000000e+00,-9.990000000000000000e+02
1.500000000000000000e+01,8.000000000000000000e+00,3.180000000000000000e+02,1.500000000000000000e+02,4.135000000000000000e+03,1.350000000000000000e+01,7.200000000000000000e+01,1.000000000000000000e+00,-9.990000000000000000e+02
1.400000000000000000e+01,8.000000000000000000e+00,3.510000000000000000e+02,1.530000000000000000e+02,4.129000000000000000e+03,1.300000000000000000e+01,7.200000000000000000e+01,1.000000000000000000e+00,-9.990000000000000000e+02
1.700000000000000000e+01,8.000000000000000000e+00,3.040000000000000000e+02,1.500000000000000000e+02,3.672000000000000000e+03,1.150000000000000000e+01,7.200000000000000000e+01,1.000000000000000000e+00,-9.990000000000000000e+02
1.100000000000000000e+01,8.000000000000000000e+00,4.290000000000000000e+02,2.080000000000000000e+02,4.633000000000000000e+03,1.100000000000000000e+01,7.200000000000000000e+01,1.000000000000000000e+00,-9.990000000000000000e+02
1.300000000000000000e+01,8.000000000000000000e+00,3.500000000000000000e+02,1.550000000000000000e+02,4.502000000000000000e+03,1.350000000000000000e+01,7.200000000000000000e+01,1.000000000000000000e+00,-9.990000000000000000e+02
1.200000000000000000e+01,8.000000000000000000e+00,3.500000000000000000e+02,1.600000000000000000e+02,4.456000000000000000e+03,1.350000000000000000e+01,7.200000000000000000e+01,1.000000000000000000e+00,-9.990000000000000000e+02
1.300000000000000000e+01,8.000000000000000000e+00,4.000000000000000000e+02,1.900000000000000000e+02,4.422000000000000000e+03,1.250000000000000000e+01,7.200000000000000000e+01,1.000000000000000000e+00,-9.990000000000000000e+02
1.900000000000000000e+01,3.000000000000000000e+00,7.000000000000000000e+01,9.700000000000000000e+01,2.330000000000000000e+03,1.350000000000000000e+01,7.200000000000000000e+01,3.000000000000000000e+00,-9.990000000000000000e+02
1.500000000000000000e+01,8.000000000000000000e+00,3.040000000000000000e+02,1.500000000000000000e+02,3.892000000000000000e+03,1.250000000000000000e+01,7.200000000000000000e+01,1.000000000000000000e+00,-9.990000000000000000e+02
1.300000000000000000e+01,8.000000000000000000e+00,3.070000000000000000e+02,1.300000000000000000e+02,4.098000000000000000e+03,1.400000000000000000e+01,7.200000000000000000e+01,1.000000000000000000e+00,-9.990000000000000000e+02
1.300000000000000000e+01,8.000000000000000000e+00,3.020000000000000000e+02,1.400000000000000000e+02,4.294000000000000000e+03,1.600000000000000000e+01,7.200000000000000000e+01,1.000000000000000000e+00,-9.990000000000000000e+02
1.400000000000000000e+01,8.000000000000000000e+00,3.180000000000000000e+02,1.500000000000000000e+02,4.077000000000000000e+03,1.400000000000000000e+01,7.200000000000000000e+01,1.000000000000000000e+00,-9.990000000000000000e+02
1.800000000000000000e+01,4.000000000000000000e+00,1.210000000000000000e+02,1.120000000000000000e+02,2.933000000000000000e+03,1.450000000000000000e+01,7.200000000000000000e+01,2.000000000000000000e+00,-9.990000000000000000e+02
2.200000000000000000e+01,4.000000000000000000e+00,1.210000000000000000e+02,7.600000000000000000e+01,2.511000000000000000e+03,1.800000000000000000e+01,7.200000000000000000e+01,2.000000000000000000e+00,-9.990000000000000000e+02
2.100000000000000000e+01,4.000000000000000000e+00,1.200000000000000000e+02,8.700000000000000000e+01,2.979000000000000000e+03,1.950000000000000000e+01,7.200000000000000000e+01,2.000000000000000000e+00,-9.990000000000000000e+02
2.600000000000000000e+01,4.000000000000000000e+00,9.600000000000000000e+01,6.900000000000000000e+01,2.189000000000000000e+03,1.800000000000000000e+01,7.200000000000000000e+01,2.000000000000000000e+00,-9.990000000000000000e+02
2.200000000000000000e+01,4.000000000000000000e+00,1.220000000000000000e+02,8.600000000000000000e+01,2.395000000000000000e+03,1.600000000000000000e+01,7.200000000000000000e+01,1.000000000000000000e+00,-9.990000000000000000e+02
2.800000000000000000e+01,4.000000000000000000e+00,9.700000000000000000e+01,9.200000000000000000e+01,2.288000000000000000e+03,1.700000000000000000e+01,7.200000000000000000e+01,3.000000000000000000e+00,-9.990000000000000000e+02
2.300000000000000000e+01,4.000000000000000000e+00,1.200000000000000000e+02,9.700000000000000000e+01,2.506000000000000000e+03,1.450000000000000000e+01,7.200000000000000000e+01,3.000000000000000000e+00,-9.990000000000000000e+02
2.800000000000000000e+01,4.000000000000000000e+00,9.800000000000000000e+01,8.000000000000000000e+01,2.164000000000000000e+03,1.500000000000000000e+01,7.200000000000000000e+01,1.000000000000000000e+00,-9.990000000000000000e+02
2.700000000000000000e+01,4.000000000000000000e+00,9.700000000000000000e+01,8.800000000000000000e+01,2.100000000000000000e+03,1.650000000000000000e+01,7.200000000000000000e+01,3.000000000000000000e+00,-9.990000000000000000e+02
1.300000000000000000e+01,8.000000000000000000e+00,3.500000000000000000e+02,1.750000000000000000e+02,4.100000000000000000e+03,1.300000000000000000e+01,7.300000000000000000e+01,1.000000000000000000e+00,-9.990000000000000000e+02
1.400000000000000000e+01,8.000000000000000000e+00,3.040000000000000000e+02,1.500000000000000000e+02,3.672000000000000000e+03,1.150000000000000000e+01,7.300000000000000000e+01,1.000000000000000000e+00,-9.990000000000000000e+02
1.300000000000000000e+01,8.000000000000000000e+00,3.500000000000000000e+02,1.450000000000000000e+02,3.988000000000000000e+03,1.300000000000000000e+01,7.300000000000000000e+01,1.000000000000000000e+00,-9.990000000000000000e+02
1.400000000000000000e+01,8.000000000000000000e+00,3.020000000000000000e+02,1.370000000000000000e+02,4.042000000000000000e+03,1.450000000000000000e+01,7.300000000000000000e+01,1.000000000000000000e+00,-9.990000000000000000e+02
1.500000000000000000e+01,8.000000000000000000e+00,3.180000000000000000e+02,1.500000000000000000e+02,3.777000000000000000e+03,1.250000000000000000e+01,7.300000000000000000e+01,1.000000000000000000e+00,-9.990000000000000000e+02
1.200000000000000000e+01,8.000000000000000000e+00,4.290000000000000000e+02,1.980000000000000000e+02,4.952000000000000000e+03,1.150000000000000000e+01,7.300000000000000000e+01,1.000000000000000000e+00,-9.990000000000000000e+02
1.300000000000000000e+01,8.000000000000000000e+00,4.000000000000000000e+02,1.500000000000000000e+02,4.464000000000000000e+03,1.200000000000000000e+01,7.300000000000000000e+01,1.000000000000000000e+00,-9.990000000000000000e+02
1.300000000000000000e+01,8.000000000000000000e+00,3.510000000000000000e+02,1.580000000000000000e+02,4.363000000000000000e+03,1.300000000000000000e+01,7.300000000000000000e+01,1.000000000000000000e+00,-9.990000000000000000e+02
1.400000000000000000e+01,8.000000000000000000e+00,3.180000000000000000e+02,1.500000000000000000e+02,4.237000000000000000e+03,1.450000000000000000e+01,7.300000000000000000e+01,1.000000000000000000e+00,-9.990000000000000000e+02
1.300000000000000000e+01,8.000000000000000000e+00,4.400000000000000000e+02,2.150000000000000000e+02,4.735000000000000000e+03,1.100000000000000000e+01,7.300000000000000000e+01,1.000000000000000000e+00,-9.990000000000000000e+02
1.200000000000000000e+01,8.000000000000000000e+00,4.550000000000000000e+02,2.250000000000000000e+02,4.951000000000000000e+03,1.100000000000000000e+01,7.300000000000000000e+01,1.000000000000000000e+00,-9.990000000000000000e+02
1.300000000000000000e+01,8.000000000000000000e+00,3.600000000000000000e+02,1.750000000000000000e+02,3.821000000000000000e+03,1.100000000000000000e+01,7.300000000000000000e+01,1.000000000000000000e+00,-9.990000000000000000e+02
1.800000000000000000e+01,6.000000000000000000e+00,2.250000000000000000e+02,1.050000000000000000e+02,3.121000000000000000e+03,1.650000000000000000e+01,7.300000000000000000e+01,1.000000000000000000e+00,-9.990000000000000000e+02
1.600000000000000000e+01,6.000000000000000000e+00,2.500000000000000000e+02,1.000000000000000000e+02,3.278000000000000000e+03,1.800000000000000000e+01,7.300000000000000000e+01,1.000000000000000000e+00,-9.990000000000000000e+02
1.800000000000000000e+01,6.000000000000000000e+00,2.320000000000000000e+02,1.000000000000000000e+02,2.945000000000000000e+03,1.600000000000000000e+01,7.300000000000000000e+01,1.000000000000000000e+00,-9.990000000000000000e+02
1.800000000000000000e+01,6.000000000000000000e+00,2.500000000000000000e+02,8.800000000000000000e+01,3.021000000000000000e+03,1.650000000000000000e+01,7.300000000000000000e+01,1.000000000000000000e+00,-9.990000000000000000e+02
2.300000000000000000e+01,6.000000000000000000e+00,1.980000000000000000e+02,9.500000000000000000e+01,2.904000000000000000e+03,1.600000000000000000e+01,7.300000000000000000e+01,1.000000000000000000e+00,-9.990000000000000000e+02
2.600000000000000000e+01,4.000000000000000000e+00,9.700000000000000000e+01,4.600000000000000000e+01,1.950000000000000000e+03,2.100000000000000000e+01,7.300000000000000000e+01,2.000000000000000000e+00,-9.990000000000000000e+02
1.100000000000000000e+01,8.000000000000000000e+00,4.000000000000000000e+02,1.500000000000000000e+02,4.997000000000000000e+03,1.400000000000000000e+01,7.300000000000000000e+01,1.000000000000000000e+00,-9.990000000000000000e+02
1.200000000000000000e+01,8.000000000000000000e+00,4.000000000000000000e+02,1.670000000000000000e+02,4.906000000000000000e+03,1.250000000000000000e+01,7.300000000000000000e+01,1.000000000000000000e+00,-9.990000000000000000e+02
1.300000000000000000e+01,8.000000000000000000e+00,3.600000000000000000e+02,1.700000000000000000e+02,4.654000000000000000e+03,1.300000000000000000e+01,7.300000000000000000e+01,1.000000000000000000e+00,-9.990000000000000000e+02
1.200000000000000000e+01,8.000000000000000000e+00,3.500000000000000000e+02,1.800000000000000000e+02,4.499000000000000000e+03,1.250000000000000000e+01,7.300000000000000000e+01,1.000000000000000000e+00,-9.990000000000000000e+02
1.800000000000000000e+01,6.000000000000000000e+00,2.320000000000000000e+02,1.000000000000000000e+02,2.789000000000000000e+03,1.500000000000000000e+01,7.300000000000000000e+01,1.000000000000000000e+00,-9.990000000000000000e+02
2.000000000000000000e+01,4.000000000000000000e+00,9.700000000000000000e+01,8.800000000000000000e+01,2.279000000000000000e+03,1.900000000000000000e+01,7.300000000000000000e+01,3.000000000000000000e+00,-9.990000000000000000e+02
2.100000000000000000e+01,4.000000000000000000e+00,1.400000000000000000e+02,7.200000000000000000e+01,2.401000000000000000e+03,1.950000000000000000e+01,7.300000000000000000e+01,1.000000000000000000e+00,-9.990000000000000000e+02
2.200000000000000000e+01,4.000000000000000000e+00,1.080000000000000000e+02,9.400000000000000000e+01,2.379000000000000000e+03,1.650000000000000000e+01,7.300000000000000000e+01,3.000000000000000000e+00,-9.990000000000000000e+02
1.800000000000000000e+01,3.000000000000000000e+00,7.000000000000000000e+01,9.000000000000000000e+01,2.124000000000000000e+03,1.350000000000000000e+01,7.300000000000000000e+01,3.000000000000000000e+00,-9.990000000000000000e+02
1.900000000000000000e+01,4.000000000000000000e+00,1.220000000000000000e+02,8.500000000000000000e+01,2.310000000000000000e+03,1.850000000000000000e+01,7.300000000000000000e+01,1.000000000000000000e+00,-9.990000000000000000e+02
2.100000000000000000e+01,6.000000000000000000e+00,1.550000000000000000e+02,1.070000000000000000e+02,2.472000000000000000e+03,1.400000000000000000e+01,7.300000000000000000e+01,1.000000000000000000e+00,-9.990000000000000000e+02
2.600000000000000000e+01,4.000000000000000000e+00,9.800000000000000000e+01,9.000000000000000000e+01,2.265000000000000000e+03,1.550000000000000000e+01,7.300000000000000000e+01,2.000000000000000000e+00,-9.990000000000000000e+02
1.500000000000000000e+01,8.000000000000000000e+00,3.500000000000000000e+02,1.450000000000000000e+02,4.082000000000000000e+03,1.300000000000000000e+01,7.300000000000000000e+01,1.000000000000000000e+00,-9.990000000000000000e+02
1.600000000000000000e+01,8.000000000000000000e+00,4.000000000000000000e+02,2.300000000000000000e+02,4.278000000000000000e+03,9.500000000000000000e+00,7.300000000000000000e+01,1.000000000000000000e+00,-9.990000000000000000e+02
2.900000000000000000e+01,4.000000000000000000e+00,6.800000000000000000e+01,4.900000000000000000e+01,1.867000000000000000e+03,1.950000000000000000e+01,7.300000000000000000e+01,2.000000000000000000e+00,-9.990000000000000000e+02
2.400000000000000000e+01,4.000000000000000000e+00,1.160000000000000000e+02,7.500000000000000000e+01,2.158000000000000000e+03,1.550000000000000000e+01,7.300000000000000000e+01,2.000000000000000000e+00,-9.990000000000000000e+02
2.000000000000000000e+01,4.000000000000000000e+00,1.140000000000000000e+02,9.100000000000000000e+01,2.582000000000000000e+03,1.400000000000000000e+01,7.300000000000000000e+01,2.000000000000000000e+00,-9.990000000000000000e+02
1.900000000000000000e+01,4.000000000000000000e+00,1.210000000000000000e+02,1.120000000000000000e+02,2.868000000000000000e+03,1.550000000000000000e+01,7.300000000000000000e+01,2.000000000000000000e+00,-9.990000000000000000e+02
1.500000000000000000e+01,8.000000000000000000e+00,3.180000000000000000e+02,1.500000000000000000e+02,3.399000000000000000e+03,1.100000000000000000e+01,7.300000000000000000e+01,1.000000000000000000e+00,-9.990000000000000000e+02
2.400000000000000000e+01,4.000000000000000000e+00,1.210000000000000000e+02,1.100000000000000000e+02,2.660000000000000000e+03,1.400000000000000000e+01,7.300000000000000000e+01,2.000000000000000000e+00,-9.990000000000000000e+02
2.000000000000000000e+01,6.000000000000000000e+00,1.560000000000000000e+02,1.220000000000000000e+02,2.807000000000000000e+03,1.350000000000000000e+01,7.300000000000000000e+01,3.000000000000000000e+00,-9.990000000000000000e+02
1.100000000000000000e+01,8.000000000000000000e+00,3.500000000000000000e+02,1.800000000000000000e+02,3.664000000000000000e+03,1.100000000000000000e+01,7.300000000000000000e+01,1.000000000000000000e+00,-9.990000000000000000e+02
2.000000000000000000e+01,6.000000000000000000e+00,1.980000000000000000e+02,9.500000000000000000e+01,3.102000000000000000e+03,1.650000000000000000e+01,7.400000000000000000e+01,1.000000000000000000e+00,-9.990000000000000000e+02
1.900000000000000000e+01,6.000000000000000000e+00,2.320000000000000000e+02,1.000000000000000000e+02,2.901000000000000000e+03,1.600000000000000000e+01,7.400000000000000000e+01,1.000000000000000000e+00,-9.990000000000000000e+02
1.500000000000000000e+01,6.000000000000000000e+00,2.500000000000000000e+02,1.000000000000000000e+02,3.336000000000000000e+03,1.700000000000000000e+01,7.400000000000000000e+01,1.000000000000000000e+00,-9.990000000000000000e+02
3.100000000000000000e+01,4.000000000000000000e+00,7.900000000000000000e+01,6.700000000000000000e+01,1.950000000000000000e+03,1.900000000000000000e+01,7.400000000000000000e+01,3.000000000000000000e+00,-9.990000000000000000e+02
2.600000000000000000e+01,4.000000000000000000e+00,1.220000000000000000e+02,8.000000000000000000e+01,2.451000000000000000e+03,1.650000000000000000e+01,7.400000000000000000e+01,1.000000000000000000e+00,-9.990000000000000000e+02
3.200000000000000000e+01,4.000000000000000000e+00,7.100000000000000000e+01,6.500000000000000000e+01,1.836000000000000000e+03,2.100000000000000000e+01,7.400000000000000000e+01,3.000000000000000000e+00,-9.990000000000000000e+02
2.500000000000000000e+01,4.000000000000000000e+00,1.400000000000000000e+02,7.500000000000000000e+01,2.542000000000000000e+03,1.700000000000000000e+01,7.400000000000000000e+01,1.000000000000000000e+00,-9.990000000000000000e+02
1.600000000000000000e+01,6.000000000000000000e+00,2.500000000000000000e+02,1.000000000000000000e+02,3.781000000000000000e+03,1.700000000000000000e+01,7.400000000000000000e+01,1.000000000000000000e+00,-9.990000000000000000e+02
1.600000000000000000e+01,6.000000000000000000e+00,2.580000000000000000e+02,1.100000000000000000e+02,3.632000000000000000e+03,1.800000000000000000e+01,7.400000000000000000e+01,1.000000000000000000e+00,-9.990000000000000000e+02
1.800000000000000000e+01,6.000000000000000000e+00,2.250000000000000000e+02,1.050000000000000000e+02,3.613000000000000000e+03,1.650000000000000000e+01,7.400000000000000000e+01,1.000000000000000000e+00,-9.990000000000000000e+02
1.600000000000000000e+01,8.000000000000000000e+00,3.020000000000000000e+02,1.400000000000000000e+02,4.141000000000000000e+03,1.400000000000000000e+01,7.400000000000000000e+01,1.000000000000000000e+00,-9.990000000000000000e+02
1.300000000000000000e+01,8.000000000000000000e+00,3.500000000000000000e+02,1.500000000000000000e+02,4.699000000000000000e+03,1.450000000000000000e+01,7.400000000000000000e+01,1.000000000000000000e+00,-9.990000000000000000e+02
1.400000000000000000e+01,8.000000000000000000e+00,3.180000000000000000e+02,1.500000000000000000e+02,4.457000000000000000e+03,1.350000000000000000e+01,7.400000000000000000e+01,1.000000000000000000e+00,-9.990000000000000000e+02
1.400000000000000000e+01,8.000000000000000000e+00,3.020000000000000000e+02,1.400000000000000000e+02,4.638000000000000000e+03,1.600000000000000000e+01,7.400000000000000000e+01,1.000000000000000000e+00,-9.990000000000000000e+02
1.400000000000000000e+01,8.000000000000000000e+00,3.040000000000000000e+02,1.500000000000000000e+02,4.257000000000000000e+03,1.550000000000000000e+01,7.400000000000000000e+01,1.000000000000000000e+00,-9.990000000000000000e+02
2.900000000000000000e+01,4.000000000000000000e+00,9.800000000000000000e+01,8.300000000000000000e+01,2.219000000000000000e+03,1.650000000000000000e+01,7.400000000000000000e+01,2.000000000000000000e+00,-9.990000000000000000e+02
2.600000000000000000e+01,4.000000000000000000e+00,7.900000000000000000e+01,6.700000000000000000e+01,1.963000000000000000e+03,1.550000000000000000e+01,7.400000000000000000e+01,2.000000000000000000e+00,-9.990000000000000000e+02
2.600000000000000000e+01,4.000000000000000000e+00,9.700000000000000000e+01,7.800000000000000000e+01,2.300000000000000000e+03,1.450000000000000000e+01,7.400000000000000000e+01,2.000000000000000000e+00,-9.990000000000000000e+02
3.100000000000000000e+01,4.000000000000000000e+00,7.600000000000000000e+01,5.200000000000000000e+01,1.649000000000000000e+03,1.650000000000000000e+01,7.400000000000000000e+01,3.000000000000000000e+00,-9.990000000000000000e+02
3.200000000000000000e+01,4.000000000000000000e+00,8.300000000000000000e+01,6.100000000000000000e+01,2.003000000000000000e+03,1.900000000000000000e+01,7.400000000000000000e+01,3.000000000000000000e+00,-9.990000000000000000e+02
2.800000000000000000e+01,4.000000000000000000e+00,9.000000000000000000e+01,7.500000000000000000e+01,2.125000000000000000e+03,1.450000000000000000e+01,7.400000000000000000e+01,1.000000000000000000e+00,-9.990000000000000000e+02
2.400000000000000000e+01,4.000000000000000000e+00,9.000000000000000000e+01,7.500000000000000000e+01,2.108000000000000000e+03,1.550000000000000000e+01,7.400000000000000000e+01,2.000000000000000000e+00,-9.990000000000000000e+02
2.600000000000000000e+01,4.000000000000000000e+00,1.160000000000000000e+02,7.500000000000000000e+01,2.246000000000000000e+03,1.400000000000000000e+01,7.400000000000000000e+01,2.000000000000000000e+00,-9.990000000000000000e+02
2.400000000000000000e+01,4.000000000000000000e+00,1.200000000000000000e+02,9.700000000000000000e+01,2.489000000000000000e+03,1.500000000000000000e+01,7.400000000000000000e+01,3.000000000000000000e+00,-9.990000000000000000e+02
2.600000000000000000e+01,4.000000000000000000e+00,1.080000000000000000e+02,9.300000000000000000e+01,2.391000000000000000e+03,1.550000000000000000e+01,7.400000000000000000e+01,3.000000000000000000e+00,-9.990000000000000000e+02
3.100000000000000000e+01,4.000000000000000000e+00,7.900000000000000000e+01,6.700000000000000000e+01,2.000000000000000000e+03,1.600000000000000000e+01,7.400000000000000000e+01,2.000000000000000000e+00,-9.990000000000000000e+02
1.900000000000000000e+01,6.000000000000000000e+00,2.250000000000000000e+02,9.500000000000000000e+01,3.264000000000000000e+03,1.600000000000000000e+01,7.500000000000000000e+01,1.000000000000000000e+00,-9.990000000000000000e+02
1.800000000000000000e+01,6.000000000000000000e+00,2.500000000000000000e+02,1.050000000000000000e+02,3.459000000000000000e+03,1.600000000000000000e+01,7.500000000000000000e+01,1.000000000000000000e+00,-9.990000000000000000e+02
1.500000000000000000e+01,6.000000000000000000e+00,2.500000000000000000e+02,7.200000000000000000e+01,3.432000000000000000e+03,2.100000000000000000e+01,7.500000000000000000e+01,1.000000000000000000e+00,-9.990000000000000000e+02
1.500000000000000000e+01,6.000000000000000000e+00,2.500000000000000000e+02,7.200000000000000000e+01,3.158000000000000000e+03,1.950000000000000000e+01,7.500000000000000000e+01,1.000000000000000000e+00,-9.990000000000000000e+02
1.600000000000000000e+01,8.000000000000000000e+00,4.000000000000000000e+02,1.700000000000000000e+02,4.668000000000000000e+03,1.150000000000000000e+01,7.500000000000000000e+01,1.000000000000000000e+00,-9.990000000000000000e+02
1.500000000000000000e+01,8.000000000000000000e+00,3.500000000000000000e+02,1.450000000000000000e+02,4.440000000000000000e+03,1.400000000000000000e+01,7.500000000000000000e+01,1.000000000000000000e+00,-9.990000000000000000e+02
1.600000000000000000e+01,8.000000000000000000e+00,3.180000000000000000e+02,1.500000000000000000e+02,4.498000000000000000e+03,1.450000000000000000e+01,7.500000000000000000e+01,1.000000000000000000e+00,-9.990000000000000000e+02
1.400000000000000000e+01,8.000000000000000000e+00,3.510000000000000000e+02,1.480000000000000000e+02,4.657000000000000000e+03,1.350000000000000000e+01,7.500000000000000000e+01,1.000000000000000000e+00,-9.990000000000000000e+02
1.700000000000000000e+01,6.000000000000000000e+00,2.310000000000000000e+02,1.100000000000000000e+02,3.907000000000000000e+03,2.100000000000000000e+01,7.500000000000000000e+01,1.000000000000000000e+00,-9.990000000000000000e+02
1.600000000000000000e+01,6.000000000000000000e+00,2.500000000000000000e+02,1.050000000000000000e+02,3.897000000000000000e+03,1.850000000000000000e+01,7.500000000000000000e+01,1.000000000000000000e+00,-9.990000000000000000e+02
1.500000000000000000e+01,6.000000000000000000e+00,2.580000000000000000e+02,1.100000000000000000e+02,3.730000000000000000e+03,1.900000000000000000e+01,7.500000000000000000e+01,1.000000000000000000e+00,-9.990000000000000000e+02
1.800000000000000000e+01,6.000000000000000000e+00,2.250000000000000000e+02,9.500000000000000000e+01,3.785000000000000000e+03,1.900000000000000000e+01,7.500000000000000000e+01,1.000000000000000000e+00,-9.990000000000000000e+02
2.100000000000000000e+01,6.000000000000000000e+00,2.310000000000000000e+02,1.100000000000000000e+02,3.039000000000000000e+03,1.500000000000000000e+01,7.500000000000000000e+01,1.000000000000000000e+00,-9.990000000000000000e+02
2.000000000000000000e+01,8.000000000000000000e+00,2.620000000000000000e+02,1.100000000000000000e+02,3.221000000000000000e+03,1.350000000000000000e+01,7.500000000000000000e+01,1.000000000000000000e+00,-9.990000000000000000e+02
1.300000000000000000e+01,8.000000000000000000e+00,3.020000000000000000e+02,1.290000000000000000e+02,3.169000000000000000e+03,1.200000000000000000e+01,7.500000000000000000e+01,1.000000000000000000e+00,-9.990000000000000000e+02
2.900000000000000000e+01,4.000000000000000000e+00,9.700000000000000000e+01,7.500000000000000000e+01,2.171000000000000000e+03,1.600000000000000000e+01,7.500000000000000000e+01,3.000000000000000000e+00,-9.990000000000000000e+02
2.300000000000000000e+01,4.000000000000000000e+00,1.400000000000000000e+02,8.300000000000000000e+01,2.639000000000000000e+03,1.700000000000000000e+01,7.500000000000000000e+01,1.000000000000000000e+00,-9.990000000000000000e+02
2.000000000000000000e+01,6.000000000000000000e+00,2.320000000000000000e+02,1.000000000000000000e+02,2.914000000000000000e+03,1.600000000000000000e+01,7.500000000000000000e+01,1.000000000000000000e+00,-9.990000000000000000e+02
2.300000000000000000e+01,4.000000000000000000e+00,1.400000000000000000e+02,7.800000000000000000e+01,2.592000000000000000e+03,1.850000000000000000e+01,7.500000000000000000e+01,1.000000000000000000e+00,-9.990000000000000000e+02
2.400000000000000000e+01,4.000000000000000000e+00,1.340000000000000000e+02,9.600000000000000000e+01,2.702000000000000000e+03,1.350000000000000000e+01,7.500000000000000000e+01,3.000000000000000000e+00,-9.990000000000000000e+02
2.500000000000000000e+01,4.000000000000000000e+00,9.000000000000000000e+01,7.100000000000000000e+01,2.223000000000000000e+03,1.650000000000000000e+01,7.500000000000000000e+01,2.000000000000000000e+00,-9.990000000000000000e+02
2.400000000000000000e+01,4.000000000000000000e+00,1.190000000000000000e+02,9.700000000000000000e+01,2.545000000000000000e+03,1.700000000000000000e+01,7.500000000000000000e+01,3.000000000000000000e+00,-9.990000000000000000e+02
1.800000000000000000e+01,6.000000000000000000e+00,1.710000000000000000e+02,9.700000000000000000e+01,2.984000000000000000e+03,1.450000000000000000e+01,7.500000000000000000e+01,1.000000000000000000e+00,-9.990000000000000000e+02
2.900000000000000000e+01,4.000000000000000000e+00,9.000000000000000000e+01,7.000000000000000000e+01,1.937000000000000000e+03,1.400000000000000000e+01,7.500000000000000000e+01,2.000000000000000000e+00,-9.990000000000000000e+02
1.900000000000000000e+01,6.000000000000000000e+00,2.320000000000000000e+02,9.000000000000000000e+01,3.211000000000000000e+03,1.700000000000000000e+01,7.500000000000000000e+01,1.000000000000000000e+00,-9.990000000000000000e+02
2.300000000000000000e+01,4.000000000000000000e+00,1.150000000000000000e+02,9.500000000000000000e+01,2.694000000000000000e+03,1.500000000000000000e+01,7.500000000000000000e+01,2.000000000000000000e+00,-9.990000000000000000e+02
2.300000000000000000e+01,4.000000000000000000e+00,1.200000000000000000e+02,8.800000000000000000e+01,2.957000000000000000e+03,1.700000000000000000e+01,7.500000000000000000e+01,2.000000000000000000e+00,-9.990000000000000000e+02
2.200000000000000000e+01,4.000000000000000000e+00,1.210000000000000000e+02,9.800000000000000000e+01,2.945000000000000000e+03,1.450000000000000000e+01,7.500000000000000000e+01,2.000000000000000000e+00,-9.990000000000000000e+02
2.500000000000000000e+01,4.000000000000000000e+00,1.210000000000000000e+02,1.150000000000000000e+02,2.671000000000000000e+03,1.350000000000000000e+01,7.500000000000000000e+01,2.000000000000000000e+00,-9.990000000000000000e+02
3.300000000000000000e+01,4.000000000000000000e+00,9.100000000000000000e+01,5.300000000000000000e+01,1.795000000000000000e+03,1.750000000000000000e+01,7.500000000000000000e+01,3.000000000000000000e+00,-9.990000000000000000e+02
2.800000000000000000e+01,4.000000000000000000e+00,1.070000000000000000e+02,8.600000000000000000e+01,2.464000000000000000e+03,1.550000000000000000e+01,7.600000000000000000e+01,2.000000000000000000e+00,-9.990000000000000000e+02
2.500000000000000000e+01,4.000000000000000000e+00,1.160000000000000000e+02,8.100000000000000000e+01,2.220000000000000000e+03,1.689999999999999858e+01,7.600000000000000000e+01,2.000000000000000000e+00,-9.990000000000000000e+02
2.500000000000000000e+01,4.000000000000000000e+00,1.400000000000000000e+02,9.200000000000000000e+01,2.572000000000000000e+03,1.490000000000000036e+01,7.600000000000000000e+01,1.000000000000000000e+00,-9.990000000000000000e+02
2.600000000000000000e+01,4.000000000000000000e+00,9.800000000000000000e+01,7.900000000000000000e+01,2.255000000000000000e+03,1.769999999999999929e+01,7.600000000000000000e+01,1.000000000000000000e+00,-9.990000000000000000e+02
2.700000000000000000e+01,4.000000000000000000e+00,1.010000000000000000e+02,8.300000000000000000e+01,2.202000000000000000e+03,1.530000000000000071e+01,7.600000000000000000e+01,2.000000000000000000e+00,-9.990000000000000000e+02
1.750000000000000000e+01,8.000000000000000000e+00,3.050000000000000000e+02,1.400000000000000000e+02,4.215000000000000000e+03,1.300000000000000000e+01,7.600000000000000000e+01,1.000000000000000000e+00,-9.990000000000000000e+02
1.600000000000000000e+01,8.000000000000000000e+00,3.180000000000000000e+02,1.500000000000000000e+02,4.190000000000000000e+03,1.300000000000000000e+01,7.600000000000000000e+01,1.000000000000000000e+00,-9.990000000000000000e+02
1.550000000000000000e+01,8.000000000000000000e+00,3.040000000000000000e+02,1.200000000000000000e+02,3.962000000000000000e+03,1.390000000000000036e+01,7.600000000000000000e+01,1.000000000000000000e+00,-9.990000000000000000e+02
1.450000000000000000e+01,8.000000000000000000e+00,3.510000000000000000e+02,1.520000000000000000e+02,4.215000000000000000e+03,1.280000000000000071e+01,7.600000000000000000e+01,1.000000000000000000e+00,-9.990000000000000000e+02
2.200000000000000000e+01,6.000000000000000000e+00,2.250000000000000000e+02,1.000000000000000000e+02,3.233000000000000000e+03,1.540000000000000036e+01,7.600000000000000000e+01,1.000000000000000000e+00,-9.990000000000000000e+02
2.200000000000000000e+01,6.000000000000000000e+00,2.500000000000000000e+02,1.050000000000000000e+02,3.353000000000000000e+03,1.450000000000000000e+01,7.600000000000000000e+01,1.000000000000000000e+00,-9.990000000000000000e+02
2.400000000000000000e+01,6.000000000000000000e+00,2.000000000000000000e+02,8.100000000000000000e+01,3.012000000000000000e+03,1.760000000000000142e+01,7.600000000000000000e+01,1.000000000000000000e+00,-9.990000000000000000e+02
2.250000000000000000e+01,6.000000000000000000e+00,2.320000000000000000e+02,9.000000000000000000e+01,3.085000000000000000e+03,1.760000000000000142e+01,7.600000000000000000e+01,1.000000000000000000e+00,-9.990000000000000000e+02
2.900000000000000000e+01,4.000000000000000000e+00,8.500000000000000000e+01,5.200000000000000000e+01,2.035000000000000000e+03,2.219999999999999929e+01,7.600000000000000000e+01,1.000000000000000000e+00,-9.990000000000000000e+02
2.450000000000000000e+01,4.000000000000000000e+00,9.800000000000000000e+01,6.000000000000000000e+01,2.164000000000000000e+03,2.210000000000000142e+01,7.600000000000000000e+01,1.000000000000000000e+00,-9.990000000000000000e+02
2.900000000000000000e+01,4.000000000000000000e+00,9.000000000000000000e+01,7.000000000000000000e+01,1.937000000000000000e+03,1.419999999999999929e+01,7.600000000000000000e+01,2.000000000000000000e+00,-9.990000000000000000e+02
3.300000000000000000e+01,4.000000000000000000e+00,9.100000000000000000e+01,5.300000000000000000e+01,1.795000000000000000e+03,1.739999999999999858e+01,7.600000000000000000e+01,3.000000000000000000e+00,-9.990000000000000000e+02
2.000000000000000000e+01,6.000000000000000000e+00,2.250000000000000000e+02,1.000000000000000000e+02,3.651000000000000000e+03,1.769999999999999929e+01,7.600000000000000000e+01,1.000000000000000000e+00,-9.990000000000000000e+02
1.800000000000000000e+01,6.000000000000000000e+00,2.500000000000000000e+02,7.800000000000000000e+01,3.574000000000000000e+03,2.100000000000000000e+01,7.600000000000000000e+01,1.000000000000000000e+00,-9.990000000000000000e+02
1.850000000000000000e+01,6.000000000000000000e+00,2.500000000000000000e+02,1.100000000000000000e+02,3.645000000000000000e+03,1.619999999999999929e+01,7.600000000000000000e+01,1.000000000000000000e+00,-9.990000000000000000e+02
1.750000000000000000e+01,6.000000000000000000e+00,2.580000000000000000e+02,9.500000000000000000e+01,3.193000000000000000e+03,1.780000000000000071e+01,7.600000000000000000e+01,1.000000000000000000e+00,-9.990000000000000000e+02
2.950000000000000000e+01,4.000000000000000000e+00,9.700000000000000000e+01,7.100000000000000000e+01,1.825000000000000000e+03,1.219999999999999929e+01,7.600000000000000000e+01,2.000000000000000000e+00,-9.990000000000000000e+02
3.200000000000000000e+01,4.000000000000000000e+00,8.500000000000000000e+01,7.000000000000000000e+01,1.990000000000000000e+03,1.700000000000000000e+01,7.600000000000000000e+01,3.000000000000000000e+00,-9.990000000000000000e+02
2.800000000000000000e+01,4.000000000000000000e+00,9.700000000000000000e+01,7.500000000000000000e+01,2.155000000000000000e+03,1.639999999999999858e+01,7.600000000000000000e+01,3.000000000000000000e+00,-9.990000000000000000e+02
2.650000000000000000e+01,4.000000000000000000e+00,1.400000000000000000e+02,7.200000000000000000e+01,2.565000000000000000e+03,1.359999999999999964e+01,7.600000000000000000e+01,1.000000000000000000e+00,-9.990000000000000000e+02
2.000000000000000000e+01,4.000000000000000000e+00,1.300000000000000000e+02,1.020000000000000000e+02,3.150000000000000000e+03,1.569999999999999929e+01,7.600000000000000000e+01,2.000000000000000000e+00,-9.990000000000000000e+02
1.300000000000000000e+01,8.000000000000000000e+00,3.180000000000000000e+02,1.500000000000000000e+02,3.940000000000000000e+03,1.319999999999999929e+01,7.600000000000000000e+01,1.000000000000000000e+00,-9.990000000000000000e+02
1.900000000000000000e+01,4.000000000000000000e+00,1.200000000000000000e+02,8.800000000000000000e+01,3.270000000000000000e+03,2.189999999999999858e+01,7.600000000000000000e+01,2.000000000000000000e+00,-9.990000000000000000e+02
1.900000000000000000e+01,6.000000000000000000e+00,1.560000000000000000e+02,1.080000000000000000e+02,2.930000000000000000e+03,1.550000000000000000e+01,7.600000000000000000e+01,3.000000000000000000e+00,-9.990000000000000000e+02
1.650000000000000000e+01,6.000000000000000000e+00,1.680000000000000000e+02,1.200000000000000000e+02,3.820000000000000000e+03,1.669999999999999929e+01,7.600000000000000000e+01,2.000000000000000000e+00,-9.990000000000000000e+02
1.650000000000000000e+01,8.000000000000000000e+00,3.500000000000000000e+02,1.800000000000000000e+02,4.380000000000000000e+03,1.209999999999999964e+01,7.600000000000000000e+01,1.000000000000000000e+00,-9.990000000000000000e+02
1.300000000000000000e+01,8.000000000000000000e+00,3.500000000000000000e+02,1.450000000000000000e+02,4.055000000000000000e+03,1.200000000000000000e+01,7.600000000000000000e+01,1.000000000000000000e+00,-9.990000000000000000e+02
1.300000000000000000e+01,8.000000000000000000e+00,3.020000000000000000e+02,1.300000000000000000e+02,3.870000000000000000e+03,1.500000000000000000e+01,7.600000000000000000e+01,1.000000000000000000e+00,-9.990000000000000000e+02
1.300000000000000000e+01,8.000000000000000000e+00,3.180000000000000000e+02,1.500000000000000000e+02,3.755000000000000000e+03,1.400000000000000000e+01,7.600000000000000000e+01,1.000000000000000000e+00,-9.990000000000000000e+02
3.150000000000000000e+01,4.000000000000000000e+00,9.800000000000000000e+01,6.800000000000000000e+01,2.045000000000000000e+03,1.850000000000000000e+01,7.700000000000000000e+01,3.000000000000000000e+00,-9.990000000000000000e+02
3.000000000000000000e+01,4.000000000000000000e+00,1.110000000000000000e+02,8.000000000000000000e+01,2.155000000000000000e+03,1.480000000000000071e+01,7.700000000000000000e+01,1.000000000000000000e+00,-9.990000000000000000e+02
3.600000000000000000e+01,4.000000000000000000e+00,7.900000000000000000e+01,5.800000000000000000e+01,1.825000000000000000e+03,1.860000000000000142e+01,7.700000000000000000e+01,2.000000000000000000e+00,-9.990000000000000000e+02
2.550000000000000000e+01,4.000000000000000000e+00,1.220000000000000000e+02,9.600000000000000000e+01,2.300000000000000000e+03,1.550000000000000000e+01,7.700000000000000000e+01,1.000000000000000000e+00,-9.990000000000000000e+02
3.350000000000000000e+01,4.000000000000000000e+00,8.500000000000000000e+01,7.000000000000000000e+01,1.945000000000000000e+03,1.680000000000000071e+01,7.700000000000000000e+01,3.000000000000000000e+00,-9.990000000000000000e+02
1.750000000000000000e+01,8.000000000000000000e+00,3.050000000000000000e+02,1.450000000000000000e+02,3.880000000000000000e+03,1.250000000000000000e+01,7.700000000000000000e+01,1.000000000000000000e+00,-9.990000000000000000e+02
1.700000000000000000e+01,8.000000000000000000e+00,2.600000000000000000e+02,1.100000000000000000e+02,4.060000000000000000e+03,1.900000000000000000e+01,7.700000000000000000e+01,1.000000000000000000e+00,-9.990000000000000000e+02
1.550000000000000000e+01,8.000000000000000000e+00,3.180000000000000000e+02,1.450000000000000000e+02,4.140000000000000000e+03,1.369999999999999929e+01,7.700000000000000000e+01,1.000000000000000000e+00,-9.990000000000000000e+02
1.500000000000000000e+01,8.000000000000000000e+00,3.020000000000000000e+02,1.300000000000000000e+02,4.295000000000000000e+03,1.490000000000000036e+01,7.700000000000000000e+01,1.000000000000000000e+00,-9.990000000000000000e+02
1.750000000000000000e+01,6.000000000000000000e+00,2.500000000000000000e+02,1.100000000000000000e+02,3.520000000000000000e+03,1.639999999999999858e+01,7.700000000000000000e+01,1.000000000000000000e+00,-9.990000000000000000e+02
2.050000000000000000e+01,6.000000000000000000e+00,2.310000000000000000e+02,1.050000000000000000e+02,3.425000000000000000e+03,1.689999999999999858e+01,7.700000000000000000e+01,1.000000000000000000e+00,-9.990000000000000000e+02
1.900000000000000000e+01,6.000000000000000000e+00,2.250000000000000000e+02,1.000000000000000000e+02,3.630000000000000000e+03,1.769999999999999929e+01,7.700000000000000000e+01,1.000000000000000000e+00,-9.990000000000000000e+02
1.850000000000000000e+01,6.000000000000000000e+00,2.500000000000000000e+02,9.800000000000000000e+01,3.525000000000000000e+03,1.900000000000000000e+01,7.700000000000000000e+01,1.000000000000000000e+00,-9.990000000000000000e+02
1.600000000000000000e+01,8.000000000000000000e+00,4.000000000000000000e+02,1.800000000000000000e+02,4.220000000000000000e+03,1.109999999999999964e+01,7.700000000000000000e+01,1.000000000000000000e+00,-9.990000000000000000e+02
1.550000000000000000e+01,8.000000000000000000e+00,3.500000000000000000e+02,1.700000000000000000e+02,4.165000000000000000e+03,1.140000000000000036e+01,7.700000000000000000e+01,1.000000000000000000e+00,-9.990000000000000000e+02
1.550000000000000000e+01,8.000000000000000000e+00,4.000000000000000000e+02,1.900000000000000000e+02,4.325000000000000000e+03,1.219999999999999929e+01,7.700000000000000000e+01,1.000000000000000000e+00,-9.990000000000000000e+02
1.600000000000000000e+01,8.000000000000000000e+00,3.510000000000000000e+02,1.490000000000000000e+02,4.335000000000000000e+03,1.450000000000000000e+01,7.700000000000000000e+01,1.000000000000000000e+00,-9.990000000000000000e+02
2.900000000000000000e+01,4.000000000000000000e+00,9.700000000000000000e+01,7.800000000000000000e+01,1.940000000000000000e+03,1.450000000000000000e+01,7.700000000000000000e+01,2.000000000000000000e+00,-9.990000000000000000e+02
2.450000000000000000e+01,4.000000000000000000e+00,1.510000000000000000e+02,8.800000000000000000e+01,2.740000000000000000e+03,1.600000000000000000e+01,7.700000000000000000e+01,1.000000000000000000e+00,-9.990000000000000000e+02
2.600000000000000000e+01,4.000000000000000000e+00,9.700000000000000000e+01,7.500000000000000000e+01,2.265000000000000000e+03,1.819999999999999929e+01,7.700000000000000000e+01,3.000000000000000000e+00,-9.990000000000000000e+02
2.550000000000000000e+01,4.000000000000000000e+00,1.400000000000000000e+02,8.900000000000000000e+01,2.755000000000000000e+03,1.580000000000000071e+01,7.700000000000000000e+01,1.000000000000000000e+00,-9.990000000000000000e+02
3.050000000000000000e+01,4.000000000000000000e+00,9.800000000000000000e+01,6.300000000000000000e+01,2.051000000000000000e+03,1.700000000000000000e+01,7.700000000000000000e+01,1.000000000000000000e+00,-9.990000000000000000e+02
3.350000000000000000e+01,4.000000000000000000e+00,9.800000000000000000e+01,8.300000000000000000e+01,2.075000000000000000e+03,1.590000000000000036e+01,7.700000000000000000e+01,1.000000000000000000e+00,-9.990000000000000000e+02
3.000000000000000000e+01,4.000000000000000000e+00,9.700000000000000000e+01,6.700000000000000000e+01,1.985000000000000000e+03,1.639999999999999858e+01,7.700000000000000000e+01,3.000000000000000000e+00,-9.990000000000000000e+02
3.050000000000000000e+01,4.000000000000000000e+00,9.700000000000000000e+01,7.800000000000000000e+01,2.190000000000000000e+03,1.409999999999999964e+01,7.700000000000000000e+01,2.000000000000000000e+00,-9.990000000000000000e+02
2.200000000000000000e+01,6.000000000000000000e+00,1.460000000000000000e+02,9.700000000000000000e+01,2.815000000000000000e+03,1.450000000000000000e+01,7.700000000000000000e+01,3.000000000000000000e+00,-9.990000000000000000e+02
2.150000000000000000e+01,4.000000000000000000e+00,1.210000000000000000e+02,1.100000000000000000e+02,2.600000000000000000e+03,1.280000000000000071e+01,7.700000000000000000e+01,2.000000000000000000e+00,-9.990000000000000000e+02
2.150000000000000000e+01,3.000000000000000000e+00,8.000000000000000000e+01,1.100000000000000000e+02,2.720000000000000000e+03,1.350000000000000000e+01,7.700000000000000000e+01,3.000000000000000000e+00,-9.990000000000000000e+02
4.310000000000000142e+01,4.000000000000000000e+00,9.000000000000000000e+01,4.800000000000000000e+01,1.985000000000000000e+03,2.150000000000000000e+01,7.800000000000000000e+01,2.000000000000000000e+00,-9.990000000000000000e+02
3.610000000000000142e+01,4.000000000000000000e+00,9.800000000000000000e+01,6.600000000000000000e+01,1.800000000000000000e+03,1.440000000000000036e+01,7.800000000000000000e+01,1.000000000000000000e+00,-9.990000000000000000e+02
3.279999999999999716e+01,4.000000000000000000e+00,7.800000000000000000e+01,5.200000000000000000e+01,1.985000000000000000e+03,1.939999999999999858e+01,7.800000000000000000e+01,3.000000000000000000e+00,-9.990000000000000000e+02
3.939999999999999858e+01,4.000000000000000000e+00,8.500000000000000000e+01,7.000000000000000000e+01,2.070000000000000000e+03,1.860000000000000142e+01,7.800000000000000000e+01,3.000000000000000000e+00,-9.990000000000000000e+02
3.610000000000000142e+01,4.000000000000000000e+00,9.100000000000000000e+01,6.000000000000000000e+01,1.800000000000000000e+03,1.639999999999999858e+01,7.800000000000000000e+01,3.000000000000000000e+00,-9.990000000000000000e+02
1.989999999999999858e+01,8.000000000000000000e+00,2.600000000000000000e+02,1.100000000000000000e+02,3.365000000000000000e+03,1.550000000000000000e+01,7.800000000000000000e+01,1.000000000000000000e+00,-9.990000000000000000e+02
1.939999999999999858e+01,8.000000000000000000e+00,3.180000000000000000e+02,1.400000000000000000e+02,3.735000000000000000e+03,1.319999999999999929e+01,7.800000000000000000e+01,1.000000000000000000e+00,-9.990000000000000000e+02
2.019999999999999929e+01,8.000000000000000000e+00,3.020000000000000000e+02,1.390000000000000000e+02,3.570000000000000000e+03,1.280000000000000071e+01,7.800000000000000000e+01,1.000000000000000000e+00,-9.990000000000000000e+02
1.919999999999999929e+01,6.000000000000000000e+00,2.310000000000000000e+02,1.050000000000000000e+02,3.535000000000000000e+03,1.919999999999999929e+01,7.800000000000000000e+01,1.000000000000000000e+00,-9.990000000000000000e+02
2.050000000000000000e+01,6.000000000000000000e+00,2.000000000000000000e+02,9.500000000000000000e+01,3.155000000000000000e+03,1.819999999999999929e+01,7.800000000000000000e+01,1.000000000000000000e+00,-9.990000000000000000e+02
2.019999999999999929e+01,6.000000000000000000e+00,2.000000000000000000e+02,8.500000000000000000e+01,2.965000000000000000e+03,1.580000000000000071e+01,7.800000000000000000e+01,1.000000000000000000e+00,-9.990000000000000000e+02
2.510000000000000142e+01,4.000000000000000000e+00,1.400000000000000000e+02,8.800000000000000000e+01,2.720000000000000000e+03,1.540000000000000036e+01,7.800000000000000000e+01,1.000000000000000000e+00,-9.990000000000000000e+02
2.050000000000000000e+01,6.000000000000000000e+00,2.250000000000000000e+02,1.000000000000000000e+02,3.430000000000000000e+03,1.719999999999999929e+01,7.800000000000000000e+01,1.000000000000000000e+00,-9.990000000000000000e+02
1.939999999999999858e+01,6.000000000000000000e+00,2.320000000000000000e+02,9.000000000000000000e+01,3.210000000000000000e+03,1.719999999999999929e+01,7.800000000000000000e+01,1.000000000000000000e+00,-9.990000000000000000e+02
2.060000000000000142e+01,6.000000000000000000e+00,2.310000000000000000e+02,1.050000000000000000e+02,3.380000000000000000e+03,1.580000000000000071e+01,7.800000000000000000e+01,1.000000000000000000e+00,-9.990000000000000000e+02
2.080000000000000071e+01,6.000000000000000000e+00,2.000000000000000000e+02,8.500000000000000000e+01,3.070000000000000000e+03,1.669999999999999929e+01,7.800000000000000000e+01,1.000000000000000000e+00,-9.990000000000000000e+02
1.860000000000000142e+01,6.000000000000000000e+00,2.250000000000000000e+02,1.100000000000000000e+02,3.620000000000000000e+03,1.869999999999999929e+01,7.800000000000000000e+01,1.000000000000000000e+00,-9.990000000000000000e+02
1.810000000000000142e+01,6.000000000000000000e+00,2.580000000000000000e+02,1.200000000000000000e+02,3.410000000000000000e+03,1.509999999999999964e+01,7.800000000000000000e+01,1.000000000000000000e+00,-9.990000000000000000e+02
1.919999999999999929e+01,8.000000000000000000e+00,3.050000000000000000e+02,1.450000000000000000e+02,3.425000000000000000e+03,1.319999999999999929e+01,7.800000000000000000e+01,1.000000000000000000e+00,-9.990000000000000000e+02
1.769999999999999929e+01,6.000000000000000000e+00,2.310000000000000000e+02,1.650000000000000000e+02,3.445000000000000000e+03,1.340000000000000036e+01,7.800000000000000000e+01,1.000000000000000000e+00,-9.990000000000000000e+02
1.810000000000000142e+01,8.000000000000000000e+00,3.020000000000000000e+02,1.390000000000000000e+02,3.205000000000000000e+03,1.119999999999999929e+01,7.800000000000000000e+01,1.000000000000000000e+00,-9.990000000000000000e+02
1.750000000000000000e+01,8.000000000000000000e+00,3.180000000000000000e+02,1.400000000000000000e+02,4.080000000000000000e+03,1.369999999999999929e+01,7.800000000000000000e+01,1.000000000000000000e+00,-9.990000000000000000e+02
3.000000000000000000e+01,4.000000000000000000e+00,9.800000000000000000e+01,6.800000000000000000e+01,2.155000000000000000e+03,1.650000000000000000e+01,7.800000000000000000e+01,1.000000000000000000e+00,-9.990000000000000000e+02
2.750000000000000000e+01,4.000000000000000000e+00,1.340000000000000000e+02,9.500000000000000000e+01,2.560000000000000000e+03,1.419999999999999929e+01,7.800000000000000000e+01,3.000000000000000000e+00,-9.990000000000000000e+02
2.719999999999999929e+01,4.000000000000000000e+00,1.190000000000000000e+02,9.700000000000000000e+01,2.300000000000000000e+03,1.469999999999999929e+01,7.800000000000000000e+01,3.000000000000000000e+00,-9.990000000000000000e+02
3.089999999999999858e+01,4.000000000000000000e+00,1.050000000000000000e+02,7.500000000000000000e+01,2.230000000000000000e+03,1.450000000000000000e+01,7.800000000000000000e+01,1.000000000000000000e+00,-9.990000000000000000e+02
2.110000000000000142e+01,4.000000000000000000e+00,1.340000000000000000e+02,9.500000000000000000e+01,2.515000000000000000e+03,1.480000000000000071e+01,7.800000000000000000e+01,3.000000000000000000e+00,-9.990000000000000000e+02
2.319999999999999929e+01,4.000000000000000000e+00,1.560000000000000000e+02,1.050000000000000000e+02,2.745000000000000000e+03,1.669999999999999929e+01,7.800000000000000000e+01,1.000000000000000000e+00,-9.990000000000000000e+02
2.380000000000000071e+01,4.000000000000000000e+00,1.510000000000000000e+02,8.500000000000000000e+01,2.855000000000000000e+03,1.760000000000000142e+01,7.800000000000000000e+01,1.000000000000000000e+00,-9.990000000000000000e+02
2.389999999999999858e+01,4.000000000000000000e+00,1.190000000000000000e+02,9.700000000000000000e+01,2.405000000000000000e+03,1.490000000000000036e+01,7.800000000000000000e+01,3.000000000000000000e+00,-9.990000000000000000e+02
2.030000000000000071e+01,5.000000000000000000e+00,1.310000000000000000e+02,1.030000000000000000e+02,2.830000000000000000e+03,1.590000000000000036e+01,7.800000000000000000e+01,2.000000000000000000e+00,-9.990000000000000000e+02
1.700000000000000000e+01,6.000000000000000000e+00,1.630000000000000000e+02,1.250000000000000000e+02,3.140000000000000000e+03,1.359999999999999964e+01,7.800000000000000000e+01,2.000000000000000000e+00,-9.990000000000000000e+02
2.160000000000000142e+01,4.000000000000000000e+00,1.210000000000000000e+02,1.150000000000000000e+02,2.795000000000000000e+03,1.569999999999999929e+01,7.800000000000000000e+01,2.000000000000000000e+00,-9.990000000000000000e+02
1.619999999999999929e+01,6.000000000000000000e+00,1.630000000000000000e+02,1.330000000000000000e+02,3.410000000000000000e+03,1.580000000000000071e+01,7.800000000000000000e+01,2.000000000000000000e+00,-9.990000000000000000e+02
3.150000000000000000e+01,4.000000000000000000e+00,8.900000000000000000e+01,7.100000000000000000e+01,1.990000000000000000e+03,1.490000000000000036e+01,7.800000000000000000e+01,2.000000000000000000e+00,-9.990000000000000000e+02
2.950000000000000000e+01,4.000000000000000000e+00,9.800000000000000000e+01,6.800000000000000000e+01,2.135000000000000000e+03,1.660000000000000142e+01,7.800000000000000000e+01,3.000000000000000000e+00,-9.990000000000000000e+02
2.150000000000000000e+01,6.000000000000000000e+00,2.310000000000000000e+02,1.150000000000000000e+02,3.245000000000000000e+03,1.540000000000000036e+01,7.900000000000000000e+01,1.000000000000000000e+00,-9.990000000000000000e+02
1.980000000000000071e+01,6.000000000000000000e+00,2.000000000000000000e+02,8.500000000000000000e+01,2.990000000000000000e+03,1.819999999999999929e+01,7.900000000000000000e+01,1.000000000000000000e+00,-9.990000000000000000e+02
2.230000000000000071e+01,4.000000000000000000e+00,1.400000000000000000e+02,8.800000000000000000e+01,2.890000000000000000e+03,1.730000000000000071e+01,7.900000000000000000e+01,1.000000000000000000e+00,-9.990000000000000000e+02
2.019999999999999929e+01,6.000000000000000000e+00,2.320000000000000000e+02,9.000000000000000000e+01,3.265000000000000000e+03,1.819999999999999929e+01,7.900000000000000000e+01,1.000000000000000000e+00,-9.990000000000000000e+02
2.060000000000000142e+01,6.000000000000000000e+00,2.250000000000000000e+02,1.100000000000000000e+02,3.360000000000000000e+03,1.660000000000000142e+01,7.900000000000000000e+01,1.000000000000000000e+00,-9.990000000000000000e+02
1.700000000000000000e+01,8.000000000000000000e+00,3.050000000000000000e+02,1.300000000000000000e+02,3.840000000000000000e+03,1.540000000000000036e+01,7.900000000000000000e+01,1.000000000000000000e+00,-9.990000000000000000e+02
1.760000000000000142e+01,8.000000000000000000e+00,3.020000000000000000e+02,1.290000000000000000e+02,3.725000000000000000e+03,1.340000000000000036e+01,7.900000000000000000e+01,1.000000000000000000e+00,-9.990000000000000000e+02
1.650000000000000000e+01,8.000000000000000000e+00,3.510000000000000000e+02,1.380000000000000000e+02,3.955000000000000000e+03,1.319999999999999929e+01,7.900000000000000000e+01,1.000000000000000000e+00,-9.990000000000000000e+02
1.819999999999999929e+01,8.000000000000000000e+00,3.180000000000000000e+02,1.350000000000000000e+02,3.830000000000000000e+03,1.519999999999999929e+01,7.900000000000000000e+01,1.000000000000000000e+00,-9.990000000000000000e+02
1.689999999999999858e+01,8.000000000000000000e+00,3.500000000000000000e+02,1.550000000000000000e+02,4.360000000000000000e+03,1.490000000000000036e+01,7.900000000000000000e+01,1.000000000000000000e+00,-9.990000000000000000e+02
1.550000000000000000e+01,8.000000000000000000e+00,3.510000000000000000e+02,1.420000000000000000e+02,4.054000000000000000e+03,1.430000000000000071e+01,7.900000000000000000e+01,1.000000000000000000e+00,-9.990000000000000000e+02
1.919999999999999929e+01,8.000000000000000000e+00,2.670000000000000000e+02,1.250000000000000000e+02,3.605000000000000000e+03,1.500000000000000000e+01,7.900000000000000000e+01,1.000000000000000000e+00,-9.990000000000000000e+02
1.850000000000000000e+01,8.000000000000000000e+00,3.600000000000000000e+02,1.500000000000000000e+02,3.940000000000000000e+03,1.300000000000000000e+01,7.900000000000000000e+01,1.000000000000000000e+00,-9.990000000000000000e+02
3.189999999999999858e+01,4.000000000000000000e+00,8.900000000000000000e+01,7.100000000000000000e+01,1.925000000000000000e+03,1.400000000000000000e+01,7.900000000000000000e+01,2.000000000000000000e+00,-9.990000000000000000e+02
3.410000000000000142e+01,4.000000000000000000e+00,8.600000000000000000e+01,6.500000000000000000e+01,1.975000000000000000e+03,1.519999999999999929e+01,7.900000000000000000e+01,3.000000000000000000e+00,-9.990000000000000000e+02
3.570000000000000284e+01,4.000000000000000000e+00,9.800000000000000000e+01,8.000000000000000000e+01,1.915000000000000000e+03,1.440000000000000036e+01,7.900000000000000000e+01,1.000000000000000000e+00,-9.990000000000000000e+02
2.739999999999999858e+01,4.000000000000000000e+00,1.210000000000000000e+02,8.000000000000000000e+01,2.670000000000000000e+03,1.500000000000000000e+01,7.900000000000000000e+01,1.000000000000000000e+00,-9.990000000000000000e+02
2.539999999999999858e+01,5.000000000000000000e+00,1.830000000000000000e+02,7.700000000000000000e+01,3.530000000000000000e+03,2.010000000000000142e+01,7.900000000000000000e+01,2.000000000000000000e+00,-9.990000000000000000e+02
2.300000000000000000e+01,8.000000000000000000e+00,3.500000000000000000e+02,1.250000000000000000e+02,3.900000000000000000e+03,1.739999999999999858e+01,7.900000000000000000e+01,1.000000000000000000e+00,-9.990000000000000000e+02
2.719999999999999929e+01,4.000000000000000000e+00,1.410000000000000000e+02,7.100000000000000000e+01,3.190000000000000000e+03,2.480000000000000071e+01,7.900000000000000000e+01,2.000000000000000000e+00,-9.990000000000000000e+02
2.389999999999999858e+01,8.000000000000000000e+00,2.600000000000000000e+02,9.000000000000000000e+01,3.420000000000000000e+03,2.219999999999999929e+01,7.900000000000000000e+01,1.000000000000000000e+00,-9.990000000000000000e+02
3.420000000000000284e+01,4.000000000000000000e+00,1.050000000000000000e+02,7.000000000000000000e+01,2.200000000000000000e+03,1.319999999999999929e+01,7.900000000000000000e+01,1.000000000000000000e+00,-9.990000000000000000e+02
3.450000000000000000e+01,4.000000000000000000e+00,1.050000000000000000e+02,7.000000000000000000e+01,2.150000000000000000e+03,1.490000000000000036e+01,7.900000000000000000e+01,1.000000000000000000e+00,-9.990000000000000000e+02
3.180000000000000071e+01,4.000000000000000000e+00,8.500000000000000000e+01,6.500000000000000000e+01,2.020000000000000000e+03,1.919999999999999929e+01,7.900000000000000000e+01,3.000000000000000000e+00,-9.990000000000000000e+02
3.729999999999999716e+01,4.000000000000000000e+00,9.100000000000000000e+01,6.900000000000000000e+01,2.130000000000000000e+03,1.469999999999999929e+01,7.900000000000000000e+01,2.000000000000000000e+00,-9.990000000000000000e+02
2.839999999999999858e+01,4.000000000000000000e+00,1.510000000000000000e+02,9.000000000000000000e+01,2.670000000000000000e+03,1.600000000000000000e+01,7.900000000000000000e+01,1.000000000000000000e+00,-9.990000000000000000e+02
2.880000000000000071e+01,6.000000000000000000e+00,1.730000000000000000e+02,1.150000000000000000e+02,2.595000000000000000e+03,1.130000000000000071e+01,7.900000000000000000e+01,1.000000000000000000e+00,-9.990000000000000000e+02
2.680000000000000071e+01,6.000000000000000000e+00,1.730000000000000000e+02,1.150000000000000000e+02,2.700000000000000000e+03,1.290000000000000036e+01,7.900000000000000000e+01,1.000000000000000000e+00,-9.990000000000000000e+02
3.350000000000000000e+01,4.000000000000000000e+00,1.510000000000000000e+02,9.000000000000000000e+01,2.556000000000000000e+03,1.319999999999999929e+01,7.900000000000000000e+01,1.000000000000000000e+00,-9.990000000000000000e+02
4.150000000000000000e+01,4.000000000000000000e+00,9.800000000000000000e+01,7.600000000000000000e+01,2.144000000000000000e+03,1.469999999999999929e+01,8.000000000000000000e+01,2.000000000000000000e+00,-9.990000000000000000e+02
3.810000000000000142e+01,4.000000000000000000e+00,8.900000000000000000e+01,6.000000000000000000e+01,1.968000000000000000e+03,1.880000000000000071e+01,8.000000000000000000e+01,3.000000000000000000e+00,-9.990000000000000000e+02
3.210000000000000142e+01,4.000000000000000000e+00,9.800000000000000000e+01,7.000000000000000000e+01,2.120000000000000000e+03,1.550000000000000000e+01,8.000000000000000000e+01,1.000000000000000000e+00,-9.990000000000000000e+02
3.720000000000000284e+01,4.000000000000000000e+00,8.600000000000000000e+01,6.500000000000000000e+01,2.019000000000000000e+03,1.639999999999999858e+01,8.000000000000000000e+01,3.000000000000000000e+00,-9.990000000000000000e+02
2.800000000000000000e+01,4.000000000000000000e+00,1.510000000000000000e+02,9.000000000000000000e+01,2.678000000000000000e+03,1.650000000000000000e+01,8.000000000000000000e+01,1.000000000000000000e+00,-9.990000000000000000e+02
2.639999999999999858e+01,4.000000000000000000e+00,1.400000000000000000e+02,8.800000000000000000e+01,2.870000000000000000e+03,1.810000000000000142e+01,8.000000000000000000e+01,1.000000000000000000e+00,-9.990000000000000000e+02
2.430000000000000071e+01,4.000000000000000000e+00,1.510000000000000000e+02,9.000000000000000000e+01,3.003000000000000000e+03,2.010000000000000142e+01,8.000000000000000000e+01,1.000000000000000000e+00,-9.990000000000000000e+02
1.910000000000000142e+01,6.000000000000000000e+00,2.250000000000000000e+02,9.000000000000000000e+01,3.381000000000000000e+03,1.869999999999999929e+01,8.000000000000000000e+01,1.000000000000000000e+00,-9.990000000000000000e+02
3.429999999999999716e+01,4.000000000000000000e+00,9.700000000000000000e+01,7.800000000000000000e+01,2.188000000000000000e+03,1.580000000000000071e+01,8.000000000000000000e+01,2.000000000000000000e+00,-9.990000000000000000e+02
2.980000000000000071e+01,4.000000000000000000e+00,1.340000000000000000e+02,9.000000000000000000e+01,2.711000000000000000e+03,1.550000000000000000e+01,8.000000000000000000e+01,3.000000000000000000e+00,-9.990000000000000000e+02
3.130000000000000071e+01,4.000000000000000000e+00,1.200000000000000000e+02,7.500000000000000000e+01,2.542000000000000000e+03,1.750000000000000000e+01,8.000000000000000000e+01,3.000000000000000000e+00,-9.990000000000000000e+02
3.700000000000000000e+01,4.000000000000000000e+00,1.190000000000000000e+02,9.200000000000000000e+01,2.434000000000000000e+03,1.500000000000000000e+01,8.000000000000000000e+01,3.000000000000000000e+00,-9.990000000000000000e+02
3.220000000000000284e+01,4.000000000000000000e+00,1.080000000000000000e+02,7.500000000000000000e+01,2.265000000000000000e+03,1.519999999999999929e+01,8.000000000000000000e+01,3.000000000000000000e+00,-9.990000000000000000e+02
4.660000000000000142e+01,4.000000000000000000e+00,8.600000000000000000e+01,6.500000000000000000e+01,2.110000000000000000e+03,1.789999999999999858e+01,8.000000000000000000e+01,3.000000000000000000e+00,-9.990000000000000000e+02
2.789999999999999858e+01,4.000000000000000000e+00,1.560000000000000000e+02,1.050000000000000000e+02,2.800000000000000000e+03,1.440000000000000036e+01,8.000000000000000000e+01,1.000000000000000000e+00,-9.990000000000000000e+02
4.079999999999999716e+01,4.000000000000000000e+00,8.500000000000000000e+01,6.500000000000000000e+01,2.110000000000000000e+03,1.919999999999999929e+01,8.000000000000000000e+01,3.000000000000000000e+00,-9.990000000000000000e+02
4.429999999999999716e+01,4.000000000000000000e+00,9.000000000000000000e+01,4.800000000000000000e+01,2.085000000000000000e+03,2.169999999999999929e+01,8.000000000000000000e+01,2.000000000000000000e+00,-9.990000000000000000e+02
4.339999999999999858e+01,4.000000000000000000e+00,9.000000000000000000e+01,4.800000000000000000e+01,2.335000000000000000e+03,2.369999999999999929e+01,8.000000000000000000e+01,2.000000000000000000e+00,-9.990000000000000000e+02
3.639999999999999858e+01,5.000000000000000000e+00,1.210000000000000000e+02,6.700000000000000000e+01,2.950000000000000000e+03,1.989999999999999858e+01,8.000000000000000000e+01,2.000000000000000000e+00,-9.990000000000000000e+02
3.000000000000000000e+01,4.000000000000000000e+00,1.460000000000000000e+02,6.700000000000000000e+01,3.250000000000000000e+03,2.180000000000000071e+01,8.000000000000000000e+01,2.000000000000000000e+00,-9.990000000000000000e+02
4.460000000000000142e+01,4.000000000000000000e+00,9.100000000000000000e+01,6.700000000000000000e+01,1.850000000000000000e+03,1.380000000000000071e+01,8.000000000000000000e+01,3.000000000000000000e+00,-9.990000000000000000e+02
3.379999999999999716e+01,4.000000000000000000e+00,9.700000000000000000e+01,6.700000000000000000e+01,2.145000000000000000e+03,1.800000000000000000e+01,8.000000000000000000e+01,3.000000000000000000e+00,-9.990000000000000000e+02
2.980000000000000071e+01,4.000000000000000000e+00,8.900000000000000000e+01,6.200000000000000000e+01,1.845000000000000000e+03,1.530000000000000071e+01,8.000000000000000000e+01,2.000000000000000000e+00,-9.990000000000000000e+02
3.270000000000000284e+01,6.000000000000000000e+00,1.680000000000000000e+02,1.320000000000000000e+02,2.910000000000000000e+03,1.140000000000000036e+01,8.000000000000000000e+01,3.000000000000000000e+00,-9.990000000000000000e+02
2.369999999999999929e+01,3.000000000000000000e+00,7.000000000000000000e+01,1.000000000000000000e+02,2.420000000000000000e+03,1.250000000000000000e+01,8.000000000000000000e+01,3.000000000000000000e+00,-9.990000000000000000e+02
3.500000000000000000e+01,4.000000000000000000e+00,1.220000000000000000e+02,8.800000000000000000e+01,2.500000000000000000e+03,1.509999999999999964e+01,8.000000000000000000e+01,2.000000000000000000e+00,-9.990000000000000000e+02
3.239999999999999858e+01,4.000000000000000000e+00,1.070000000000000000e+02,7.200000000000000000e+01,2.290000000000000000e+03,1.700000000000000000e+01,8.000000000000000000e+01,3.000000000000000000e+00,-9.990000000000000000e+02
2.719999999999999929e+01,4.000000000000000000e+00,1.350000000000000000e+02,8.400000000000000000e+01,2.490000000000000000e+03,1.569999999999999929e+01,8.100000000000000000e+01,1.000000000000000000e+00,-9.990000000000000000e+02
2.660000000000000142e+01,4.000000000000000000e+00,1.510000000000000000e+02,8.400000000000000000e+01,2.635000000000000000e+03,1.639999999999999858e+01,8.100000000000000000e+01,1.000000000000000000e+00,-9.990000000000000000e+02
2.580000000000000071e+01,4.000000000000000000e+00,1.560000000000000000e+02,9.200000000000000000e+01,2.620000000000000000e+03,1.440000000000000036e+01,8.100000000000000000e+01,1.000000000000000000e+00,-9.990000000000000000e+02
2.350000000000000000e+01,6.000000000000000000e+00,1.730000000000000000e+02,1.100000000000000000e+02,2.725000000000000000e+03,1.259999999999999964e+01,8.100000000000000000e+01,1.000000000000000000e+00,-9.990000000000000000e+02
3.000000000000000000e+01,4.000000000000000000e+00,1.350000000000000000e+02,8.400000000000000000e+01,2.385000000000000000e+03,1.290000000000000036e+01,8.100000000000000000e+01,1.000000000000000000e+00,-9.990000000000000000e+02
3.910000000000000142e+01,4.000000000000000000e+00,7.900000000000000000e+01,5.800000000000000000e+01,1.755000000000000000e+03,1.689999999999999858e+01,8.100000000000000000e+01,3.000000000000000000e+00,-9.990000000000000000e+02
3.900000000000000000e+01,4.000000000000000000e+00,8.600000000000000000e+01,6.400000000000000000e+01,1.875000000000000000e+03,1.639999999999999858e+01,8.100000000000000000e+01,1.000000000000000000e+00,-9.990000000000000000e+02
3.510000000000000142e+01,4.000000000000000000e+00,8.100000000000000000e+01,6.000000000000000000e+01,1.760000000000000000e+03,1.610000000000000142e+01,8.100000000000000000e+01,3.000000000000000000e+00,-9.990000000000000000e+02
3.229999999999999716e+01,4.000000000000000000e+00,9.700000000000000000e+01,6.700000000000000000e+01,2.065000000000000000e+03,1.780000000000000071e+01,8.100000000000000000e+01,3.000000000000000000e+00,-9.990000000000000000e+02
3.700000000000000000e+01,4.000000000000000000e+00,8.500000000000000000e+01,6.500000000000000000e+01,1.975000000000000000e+03,1.939999999999999858e+01,8.100000000000000000e+01,3.000000000000000000e+00,-9.990000000000000000e+02
3.770000000000000284e+01,4.000000000000000000e+00,8.900000000000000000e+01,6.200000000000000000e+01,2.050000000000000000e+03,1.730000000000000071e+01,8.100000000000000000e+01,3.000000000000000000e+00,-9.990000000000000000e+02
3.410000000000000142e+01,4.000000000000000000e+00,9.100000000000000000e+01,6.800000000000000000e+01,1.985000000000000000e+03,1.600000000000000000e+01,8.100000000000000000e+01,3.000000000000000000e+00,-9.990000000000000000e+02
3.470000000000000284e+01,4.000000000000000000e+00,1.050000000000000000e+02,6.300000000000000000e+01,2.215000000000000000e+03,1.490000000000000036e+01,8.100000000000000000e+01,1.000000000000000000e+00,-9.990000000000000000e+02
3.439999999999999858e+01,4.000000000000000000e+00,9.800000000000000000e+01,6.500000000000000000e+01,2.045000000000000000e+03,1.619999999999999929e+01,8.100000000000000000e+01,1.000000000000000000e+00,-9.990000000000000000e+02
2.989999999999999858e+01,4.000000000000000000e+00,9.800000000000000000e+01,6.500000000000000000e+01,2.380000000000000000e+03,2.069999999999999929e+01,8.100000000000000000e+01,1.000000000000000000e+00,-9.990000000000000000e+02
3.300000000000000000e+01,4.000000000000000000e+00,1.050000000000000000e+02,7.400000000000000000e+01,2.190000000000000000e+03,1.419999999999999929e+01,8.100000000000000000e+01,2.000000000000000000e+00,-9.990000000000000000e+02
3.370000000000000284e+01,4.000000000000000000e+00,1.070000000000000000e+02,7.500000000000000000e+01,2.210000000000000000e+03,1.440000000000000036e+01,8.100000000000000000e+01,3.000000000000000000e+00,-9.990000000000000000e+02
3.239999999999999858e+01,4.000000000000000000e+00,1.080000000000000000e+02,7.500000000000000000e+01,2.350000000000000000e+03,1.680000000000000071e+01,8.100000000000000000e+01,3.000000000000000000e+00,-9.990000000000000000e+02
3.289999999999999858e+01,4.000000000000000000e+00,1.190000000000000000e+02,1.000000000000000000e+02,2.615000000000000000e+03,1.480000000000000071e+01,8.100000000000000000e+01,3.000000000000000000e+00,-9.990000000000000000e+02
3.160000000000000142e+01,4.000000000000000000e+00,1.200000000000000000e+02,7.400000000000000000e+01,2.635000000000000000e+03,1.830000000000000071e+01,8.100000000000000000e+01,3.000000000000000000e+00,-9.990000000000000000e+02
2.810000000000000142e+01,4.000000000000000000e+00,1.410000000000000000e+02,8.000000000000000000e+01,3.230000000000000000e+03,2.039999999999999858e+01,8.100000000000000000e+01,2.000000000000000000e+00,-9.990000000000000000e+02
3.069999999999999929e+01,6.000000000000000000e+00,1.450000000000000000e+02,7.600000000000000000e+01,3.160000000000000000e+03,1.960000000000000142e+01,8.100000000000000000e+01,2.000000000000000000e+00,-9.990000000000000000e+02
2.539999999999999858e+01,6.000000000000000000e+00,1.680000000000000000e+02,1.160000000000000000e+02,2.900000000000000000e+03,1.259999999999999964e+01,8.100000000000000000e+01,3.000000000000000000e+00,-9.990000000000000000e+02
2.419999999999999929e+01,6.000000000000000000e+00,1.460000000000000000e+02,1.200000000000000000e+02,2.930000000000000000e+03,1.380000000000000071e+01,8.100000000000000000e+01,3.000000000000000000e+00,-9.990000000000000000e+02
2.239999999999999858e+01,6.000000000000000000e+00,2.310000000000000000e+02,1.100000000000000000e+02,3.415000000000000000e+03,1.580000000000000071e+01,8.100000000000000000e+01,1.000000000000000000e+00,-9.990000000000000000e+02
2.660000000000000142e+01,8.000000000000000000e+00,3.500000000000000000e+02,1.050000000000000000e+02,3.725000000000000000e+03,1.900000000000000000e+01,8.100000000000000000e+01,1.000000000000000000e+00,-9.990000000000000000e+02
2.019999999999999929e+01,6.000000000000000000e+00,2.000000000000000000e+02,8.800000000000000000e+01,3.060000000000000000e+03,1.710000000000000142e+01,8.100000000000000000e+01,1.000000000000000000e+00,-9.990000000000000000e+02
1.760000000000000142e+01,6.000000000000000000e+00,2.250000000000000000e+02,8.500000000000000000e+01,3.465000000000000000e+03,1.660000000000000142e+01,8.100000000000000000e+01,1.000000000000000000e+00,-9.990000000000000000e+02
2.800000000000000000e+01,4.000000000000000000e+00,1.120000000000000000e+02,8.800000000000000000e+01,2.605000000000000000e+03,1.960000000000000142e+01,8.200000000000000000e+01,1.000000000000000000e+00,-9.990000000000000000e+02
2.700000000000000000e+01,4.000000000000000000e+00,1.120000000000000000e+02,8.800000000000000000e+01,2.640000000000000000e+03,1.860000000000000142e+01,8.200000000000000000e+01,1.000000000000000000e+00,-9.990000000000000000e+02
3.400000000000000000e+01,4.000000000000000000e+00,1.120000000000000000e+02,8.800000000000000000e+01,2.395000000000000000e+03,1.800000000000000000e+01,8.200000000000000000e+01,1.000000000000000000e+00,-9.990000000000000000e+02
3.100000000000000000e+01,4.000000000000000000e+00,1.120000000000000000e+02,8.500000000000000000e+01,2.575000000000000000e+03,1.619999999999999929e+01,8.200000000000000000e+01,1.000000000000000000e+00,-9.990000000000000000e+02
2.900000000000000000e+01,4.000000000000000000e+00,1.350000000000000000e+02,8.400000000000000000e+01,2.525000000000000000e+03,1.600000000000000000e+01,8.200000000000000000e+01,1.000000000000000000e+00,-9.990000000000000000e+02
2.700000000000000000e+01,4.000000000000000000e+00,1.510000000000000000e+02,9.000000000000000000e+01,2.735000000000000000e+03,1.800000000000000000e+01,8.200000000000000000e+01,1.000000000000000000e+00,-9.990000000000000000e+02
2.400000000000000000e+01,4.000000000000000000e+00,1.400000000000000000e+02,9.200000000000000000e+01,2.865000000000000000e+03,1.639999999999999858e+01,8.200000000000000000e+01,1.000000000000000000e+00,-9.990000000000000000e+02
3.600000000000000000e+01,4.000000000000000000e+00,1.050000000000000000e+02,7.400000000000000000e+01,1.980000000000000000e+03,1.530000000000000071e+01,8.200000000000000000e+01,2.000000000000000000e+00,-9.990000000000000000e+02
3.700000000000000000e+01,4.000000000000000000e+00,9.100000000000000000e+01,6.800000000000000000e+01,2.025000000000000000e+03,1.819999999999999929e+01,8.200000000000000000e+01,3.000000000000000000e+00,-9.990000000000000000e+02
3.100000000000000000e+01,4.000000000000000000e+00,9.100000000000000000e+01,6.800000000000000000e+01,1.970000000000000000e+03,1.760000000000000142e+01,8.200000000000000000e+01,3.000000000000000000e+00,-9.990000000000000000e+02
3.800000000000000000e+01,4.000000000000000000e+00,1.050000000000000000e+02,6.300000000000000000e+01,2.125000000000000000e+03,1.469999999999999929e+01,8.200000000000000000e+01,1.000000000000000000e+00,-9.990000000000000000e+02
3.600000000000000000e+01,4.000000000000000000e+00,9.800000000000000000e+01,7.000000000000000000e+01,2.125000000000000000e+03,1.730000000000000071e+01,8.200000000000000000e+01,1.000000000000000000e+00,-9.990000000000000000e+02
3.600000000000000000e+01,4.000000000000000000e+00,1.200000000000000000e+02,8.800000000000000000e+01,2.160000000000000000e+03,1.450000000000000000e+01,8.200000000000000000e+01,3.000000000000000000e+00,-9.990000000000000000e+02
3.600000000000000000e+01,4.000000000000000000e+00,1.070000000000000000e+02,7.500000000000000000e+01,2.205000000000000000e+03,1.450000000000000000e+01,8.200000000000000000e+01,3.000000000000000000e+00,-9.990000000000000000e+02
3.400000000000000000e+01,4.000000000000000000e+00,1.080000000000000000e+02,7.000000000000000000e+01,2.245000000000000000e+03,1.689999999999999858e+01,8.200000000000000000e+01,3.000000000000000000e+00,-9.990000000000000000e+02
3.800000000000000000e+01,4.000000000000000000e+00,9.100000000000000000e+01,6.700000000000000000e+01,1.965000000000000000e+03,1.500000000000000000e+01,8.200000000000000000e+01,3.000000000000000000e+00,-9.990000000000000000e+02
3.200000000000000000e+01,4.000000000000000000e+00,9.100000000000000000e+01,6.700000000000000000e+01,1.965000000000000000e+03,1.569999999999999929e+01,8.200000000000000000e+01,3.000000000000000000e+00,-9.990000000000000000e+02
3.800000000000000000e+01,4.000000000000000000e+00,9.100000000000000000e+01,6.700000000000000000e+01,1.995000000000000000e+03,1.619999999999999929e+01,8.200000000000000000e+01,3.000000000000000000e+00,-9.990000000000000000e+02
2.500000000000000000e+01,6.000000000000000000e+00,1.810000000000000000e+02,1.100000000000000000e+02,2.945000000000000000e+03,1.639999999999999858e+01,8.200000000000000000e+01,1.000000000000000000e+00,-9.990000000000000000e+02
3.800000000000000000e+01,6.000000000000000000e+00,2.620000000000000000e+02,8.500000000000000000e+01,3.015000000000000000e+03,1.700000000000000000e+01,8.200000000000000000e+01,1.000000000000000000e+00,-9.990000000000000000e+02
2.600000000000000000e+01,4.000000000000000000e+00,1.560000000000000000e+02,9.200000000000000000e+01,2.585000000000000000e+03,1.450000000000000000e+01,8.200000000000000000e+01,1.000000000000000000e+00,-9.990000000000000000e+02
2.200000000000000000e+01,6.000000000000000000e+00,2.320000000000000000e+02,1.120000000000000000e+02,2.835000000000000000e+03,1.469999999999999929e+01,8.200000000000000000e+01,1.000000000000000000e+00,-9.990000000000000000e+02
3.200000000000000000e+01,4.000000000000000000e+00,1.440000000000000000e+02,9.600000000000000000e+01,2.665000000000000000e+03,1.390000000000000036e+01,8.200000000000000000e+01,3.000000000000000000e+00,-9.990000000000000000e+02
3.600000000000000000e+01,4.000000000000000000e+00,1.350000000000000000e+02,8.400000000000000000e+01,2.370000000000000000e+03,1.300000000000000000e+01,8.200000000000000000e+01,1.000000000000000000e+00,-9.990000000000000000e+02
2.700000000000000000e+01,4.000000000000000000e+00,1.510000000000000000e+02,9.000000000000000000e+01,2.950000000000000000e+03,1.730000000000000071e+01,8.200000000000000000e+01,1.000000000000000000e+00,-9.990000000000000000e+02
2.700000000000000000e+01,4.000000000000000000e+00,1.400000000000000000e+02,8.600000000000000000e+01,2.790000000000000000e+03,1.559999999999999964e+01,8.200000000000000000e+01,1.000000000000000000e+00,-9.990000000000000000e+02
4.400000000000000000e+01,4.000000000000000000e+00,9.700000000000000000e+01,5.200000000000000000e+01,2.130000000000000000e+03,2.460000000000000142e+01,8.200000000000000000e+01,2.000000000000000000e+00,-9.990000000000000000e+02
3.200000000000000000e+01,4.000000000000000000e+00,1.350000000000000000e+02,8.400000000000000000e+01,2.295000000000000000e+03,1.159999999999999964e+01,8.200000000000000000e+01,1.000000000000000000e+00,-9.990000000000000000e+02
2.800000000000000000e+01,4.000000000000000000e+00,1.200000000000000000e+02,7.900000000000000000e+01,2.625000000000000000e+03,1.860000000000000142e+01,8.200000000000000000e+01,1.000000000000000000e+00,-9.990000000000000000e+02
3.100000000000000000e+01,4.000000000000000000e+00,1.190000000000000000e+02,8.200000000000000000e+01,2.720000000000000000e+03,1.939999999999999858e+01,8.200000000000000000e+01,1.000000000000000000e+00,-9.990000000000000000e+02
